purchase_id,purchase_date,product_id,supplier_id,quantity,unit_cost,total_cost,freight
A000001,2024-01-01,P007,S007,221,545,120445,8740
A000002,2024-01-01,P015,S005,164,703,115292,3115
A000003,2024-01-01,P008,S005,100,471,47100,1784
A000004,2024-01-01,P013,S004,274,2247,615678,23829
A000005,2024-01-01,P003,S001,189,1844,348516,11614
A000006,2024-01-01,P006,S003,135,4892,660420,16997
A000007,2024-01-01,P004,S005,296,8456,2502976,84527
A000008,2024-01-03,P001,S002,100,12945,1294500,92394
A000009,2024-01-03,P006,S004,528,4960,2618880,175804
A000010,2024-01-03,P006,S004,479,5045,2416555,173155
A000011,2024-01-03,P005,S002,133,647,86051,5867
A000012,2024-01-05,P014,S004,165,721,118965,6440
A000013,2024-01-05,P005,S004,170,614,104380,4736
A000014,2024-01-05,P012,S002,238,876,208488,9320
A000015,2024-01-07,P015,S003,303,705,213615,11044
A000016,2024-01-07,P014,S007,230,796,183080,5436
A000017,2024-01-07,P010,S007,232,251,58232,2018
A000018,2024-01-07,P001,S003,100,11930,1193000,29946
A000019,2024-01-07,P018,S001,174,1960,341040,17366
A000020,2024-01-07,P006,S006,153,4384,670752,25158
A000021,2024-01-09,P002,S002,292,10974,3204408,180167
A000022,2024-01-09,P008,S005,220,458,100760,7420
A000023,2024-01-09,P009,S006,132,1274,168168,12344
A000024,2024-01-09,P010,S004,387,242,93654,6620
A000025,2024-01-09,P020,S007,118,8972,1058696,62783
A000026,2024-01-09,P003,S004,134,1841,246694,11002
A000027,2024-01-09,P013,S004,211,2188,461668,27262
A000028,2024-01-09,P013,S001,113,2376,268488,19783
A000029,2024-01-11,P007,S004,100,591,59100,3265
A000030,2024-01-11,P007,S001,197,594,117018,7439
A000031,2024-01-11,P019,S001,203,2254,457562,13326
A000032,2024-01-13,P013,S002,285,2194,625290,27054
A000033,2024-01-13,P016,S001,159,869,138171,4160
A000034,2024-01-13,P007,S002,148,587,86876,6375
A000035,2024-01-15,P010,S002,178,230,40940,2047
A000036,2024-01-15,P001,S006,115,12235,1407025,39282
A000037,2024-01-15,P009,S002,100,1327,132700,8373
A000038,2024-01-15,P004,S002,153,8281,1266993,89430
A000039,2024-01-15,P015,S005,128,714,91392,5693
A000040,2024-01-17,P020,S005,151,9633,1454583,66610
A000041,2024-01-19,P017,S001,106,1674,177444,8825
A000042,2024-01-19,P020,S007,135,8896,1200960,67473
A000043,2024-01-19,P001,S005,241,12119,2920679,109487
A000044,2024-01-19,P017,S003,100,1650,165000,4448
A000045,2024-01-19,P013,S005,100,2070,207000,13946
A000046,2024-01-21,P002,S001,100,9808,980800,66918
A000047,2024-01-21,P018,S004,206,1899,391194,19024
A000048,2024-01-21,P011,S001,118,281,33158,1852
A000049,2024-01-21,P004,S006,133,8308,1104964,78964
A000050,2024-01-21,P001,S002,247,11605,2866435,117122
A000051,2024-01-23,P011,S003,299,292,87308,3820
A000052,2024-01-23,P016,S005,109,910,99190,4499
A000053,2024-01-23,P018,S001,161,1803,290283,11596
A000054,2024-01-25,P015,S002,174,661,115014,6425
A000055,2024-01-27,P016,S004,158,883,139514,5238
A000056,2024-01-27,P006,S005,149,4643,691807,40308
A000057,2024-01-29,P017,S003,192,1643,315456,20629
A000058,2024-01-29,P018,S002,549,1728,948672,25327
A000059,2024-01-29,P005,S002,274,644,176456,10262
A000060,2024-01-29,P010,S005,212,253,53636,3008
A000061,2024-01-29,P018,S006,100,1785,178500,4516
A000062,2024-01-29,P009,S002,109,1309,142681,7041
A000063,2024-01-31,P003,S004,225,1778,400050,22903
A000064,2024-01-31,P009,S004,114,1331,151734,6341
A000065,2024-01-31,P017,S005,300,1661,498300,32747
A000066,2024-01-31,P007,S004,234,565,132210,9878
A000067,2024-02-02,P014,S006,147,731,107457,3250
A000068,2024-02-02,P018,S007,419,1755,735345,28893
A000069,2024-02-04,P016,S002,244,827,201788,12760
A000070,2024-02-04,P010,S003,127,225,28575,2034
A000071,2024-02-04,P015,S001,147,683,100401,4213
A000072,2024-02-04,P017,S006,100,1653,165300,7217
A000073,2024-02-04,P014,S003,423,803,339669,20482
A000074,2024-02-06,P003,S001,248,1739,431272,18628
A000075,2024-02-06,P016,S004,377,921,347217,15641
A000076,2024-02-06,P020,S005,195,9479,1848405,122200
A000077,2024-02-06,P005,S004,133,683,90839,5769
A000078,2024-02-06,P014,S001,134,779,104386,5922
A000079,2024-02-08,P006,S002,177,4857,859689,43875
A000080,2024-02-08,P008,S002,220,439,96580,3617
A000081,2024-02-08,P005,S003,356,686,244216,12232
A000082,2024-02-08,P006,S006,151,4677,706227,24988
A000083,2024-02-10,P020,S004,100,9593,959300,33826
A000084,2024-02-10,P006,S006,159,4827,767493,22642
A000085,2024-02-10,P018,S001,184,1754,322736,19269
A000086,2024-02-10,P019,S001,270,2238,604260,19570
A000087,2024-02-10,P020,S007,100,9109,910900,29792
A000088,2024-02-10,P019,S001,153,2317,354501,12457
A000089,2024-02-10,P011,S005,117,288,33696,1507
A000090,2024-02-10,P004,S004,126,8274,1042524,65279
A000091,2024-02-12,P007,S005,143,566,80938,2103
A000092,2024-02-12,P008,S003,141,441,62181,3866
A000093,2024-02-12,P001,S004,247,12840,3171480,231588
A000094,2024-02-12,P008,S001,100,490,49000,2149
A000095,2024-02-14,P016,S003,350,884,309400,9382
A000096,2024-02-14,P009,S005,262,1307,342434,15144
A000097,2024-02-16,P007,S005,340,589,200260,6315
A000098,2024-02-16,P017,S004,106,1583,167798,11270
A000099,2024-02-16,P014,S002,322,723,232806,6016
A000100,2024-02-18,P003,S006,292,1884,550128,36006
A000101,2024-02-18,P009,S006,224,1323,296352,20757
A000102,2024-02-18,P019,S003,276,2242,618792,23872
A000103,2024-02-20,P002,S003,376,10420,3917920,230760
A000104,2024-02-20,P019,S005,104,2266,235664,14972
A000105,2024-02-20,P003,S001,100,1825,182500,8909
A000106,2024-02-20,P015,S001,100,734,73400,3411
A000107,2024-02-20,P010,S002,100,239,23900,770
A000108,2024-02-20,P002,S001,191,10544,2013904,81937
A000109,2024-02-20,P006,S003,232,4526,1050032,46399
A000110,2024-02-20,P005,S002,255,666,169830,6507
A000111,2024-02-22,P015,S001,157,696,109272,6545
A000112,2024-02-22,P014,S007,194,709,137546,10243
A000113,2024-02-24,P009,S006,186,1290,239940,12290
A000114,2024-02-24,P007,S005,243,531,129033,8944
A000115,2024-02-24,P011,S001,171,307,52497,2581
A000116,2024-02-24,P002,S003,193,10774,2079382,123422
A000117,2024-02-24,P015,S004,316,704,222464,14934
A000118,2024-02-24,P010,S002,193,256,49408,3258
A000119,2024-02-24,P006,S007,282,4592,1294944,90738
A000120,2024-02-26,P008,S007,320,446,142720,7013
A000121,2024-02-26,P001,S002,208,13312,2768896,193709
A000122,2024-02-26,P003,S005,147,1784,262248,9337
A000123,2024-02-28,P004,S007,246,8743,2150778,116563
A000124,2024-02-28,P002,S007,375,10659,3997125,148175
A000125,2024-02-28,P009,S001,472,1294,610768,31425
A000126,2024-02-28,P016,S004,183,889,162687,7258
A000127,2024-02-28,P011,S005,219,286,62634,2943
A000128,2024-02-28,P017,S003,172,1806,310632,14518
A000129,2024-02-28,P010,S003,179,256,45824,2987
A000130,2024-02-28,P005,S006,155,659,102145,5668
A000131,2024-03-01,P006,S007,137,4892,670204,33819
A000132,2024-03-01,P004,S003,218,8072,1759696,104618
A000133,2024-03-01,P006,S006,123,4954,609342,21949
A000134,2024-03-03,P009,S001,139,1261,175279,7741
A000135,2024-03-03,P007,S004,117,573,67041,3819
A000136,2024-03-03,P007,S002,238,561,133518,5324
A000137,2024-03-05,P015,S006,169,710,119990,4921
A000138,2024-03-05,P018,S003,184,1623,298632,19469
A000139,2024-03-05,P012,S003,533,828,441324,24759
A000140,2024-03-05,P003,S003,726,1922,1395372,74651
A000141,2024-03-05,P008,S006,178,441,78498,2366
A000142,2024-03-05,P009,S006,421,1357,571297,32632
A000143,2024-03-05,P005,S005,196,626,122696,3770
A000144,2024-03-05,P001,S004,140,12806,1792840,51864
A000145,2024-03-07,P012,S003,207,836,173052,9568
A000146,2024-03-07,P013,S001,100,2179,217900,12074
A000147,2024-03-07,P003,S004,100,1849,184900,12979
A000148,2024-03-07,P003,S006,109,1717,187153,6680
A000149,2024-03-07,P004,S003,243,8347,2028321,90295
A000150,2024-03-07,P012,S006,100,883,88300,6556
A000151,2024-03-09,P020,S001,148,9565,1415620,97417
A000152,2024-03-09,P005,S006,278,599,166522,7889
A000153,2024-03-09,P019,S006,112,2365,264880,15855
A000154,2024-03-09,P008,S002,137,476,65212,3663
A000155,2024-03-09,P005,S001,312,722,225264,15325
A000156,2024-03-09,P017,S005,254,1743,442722,12428
A000157,2024-03-09,P014,S006,100,811,81100,3823
A000158,2024-03-11,P002,S006,450,10468,4710600,210823
A000159,2024-03-11,P003,S007,453,1872,848016,45214
A000160,2024-03-13,P018,S007,154,1724,265496,13902
A000161,2024-03-13,P008,S001,113,407,45991,2477
A000162,2024-03-13,P016,S002,140,932,130480,5597
A000163,2024-03-13,P001,S003,343,12504,4288872,246560
A000164,2024-03-13,P013,S006,100,2099,209900,7261
A000165,2024-03-13,P018,S006,100,1824,182400,11683
A000166,2024-03-13,P015,S007,188,648,121824,8431
A000167,2024-03-13,P017,S003,143,1718,245674,14983
A000168,2024-03-15,P001,S002,159,12766,2029794,99957
A000169,2024-03-15,P011,S002,170,297,50490,1905
A000170,2024-03-15,P009,S003,167,1205,201235,6477
A000171,2024-03-15,P001,S007,314,12841,4032074,156583
A000172,2024-03-15,P007,S007,229,551,126179,7463
A000173,2024-03-15,P017,S003,102,1691,172482,6637
A000174,2024-03-15,P008,S004,360,434,156240,9283
A000175,2024-03-17,P005,S003,399,627,250173,18292
A000176,2024-03-17,P007,S002,112,532,59584,4014
A000177,2024-03-17,P008,S003,124,440,54560,2777
A000178,2024-03-17,P016,S007,315,889,280035,19347
A000179,2024-03-17,P016,S006,150,917,137550,9548
A000180,2024-03-17,P006,S006,109,4437,483633,17285
A000181,2024-03-17,P009,S002,100,1229,122900,6471
A000182,2024-03-17,P012,S007,300,886,265800,7082
A000183,2024-03-19,P005,S001,100,651,65100,2857
A000184,2024-03-21,P007,S004,369,565,208485,12830
A000185,2024-03-21,P010,S005,100,230,23000,1555
A000186,2024-03-21,P004,S007,100,8025,802500,32484
A000187,2024-03-21,P011,S006,103,288,29664,1023
A000188,2024-03-21,P011,S005,100,292,29200,1521
A000189,2024-03-23,P017,S006,204,1829,373116,16791
A000190,2024-03-23,P008,S007,100,478,47800,3132
A000191,2024-03-25,P004,S003,140,7926,1109640,71774
A000192,2024-03-25,P015,S001,383,698,267334,10147
A000193,2024-03-27,P003,S006,314,1943,610102,26577
A000194,2024-03-27,P009,S004,162,1321,214002,7292
A000195,2024-03-29,P016,S006,264,893,235752,6101
A000196,2024-03-29,P012,S007,135,948,127980,6485
A000197,2024-03-29,P009,S003,114,1309,149226,8212
A000198,2024-03-29,P014,S007,142,775,110050,5678
A000199,2024-03-29,P005,S006,132,635,83820,3807
A000200,2024-03-29,P012,S006,237,932,220884,8539
A000201,2024-03-29,P018,S006,100,1790,179000,7893
A000202,2024-03-31,P019,S006,240,2238,537120,29195
A000203,2024-03-31,P012,S006,100,918,91800,3322
A000204,2024-03-31,P016,S002,351,852,299052,17313
A000205,2024-03-31,P020,S001,185,9510,1759350,78360
A000206,2024-03-31,P017,S004,169,1672,282568,18734
A000207,2024-03-31,P015,S005,296,710,210160,6165
A000208,2024-03-31,P004,S004,210,8202,1722420,52934
A000209,2024-04-02,P013,S007,967,2149,2078083,131186
A000210,2024-04-02,P002,S006,113,10065,1137345,60933
A000211,2024-04-02,P015,S003,234,747,174798,11028
A000212,2024-04-04,P020,S005,261,9772,2550492,79242
A000213,2024-04-04,P004,S004,130,8132,1057160,49892
A000214,2024-04-04,P001,S003,351,12756,4477356,185601
A000215,2024-04-04,P017,S005,802,1690,1355380,41696
A000216,2024-04-04,P008,S003,170,446,75820,5340
A000217,2024-04-06,P002,S001,100,10791,1079100,28947
A000218,2024-04-06,P004,S007,470,8091,3802770,163285
A000219,2024-04-08,P006,S004,253,4764,1205292,34429
A000220,2024-04-08,P018,S004,125,1781,222625,8555
A000221,2024-04-08,P005,S006,276,645,178020,6346
A000222,2024-04-08,P009,S006,100,1303,130300,6699
A000223,2024-04-08,P008,S007,100,446,44600,3146
A000224,2024-04-08,P013,S005,252,2307,581364,37790
A000225,2024-04-08,P010,S007,107,248,26536,1462
A000226,2024-04-08,P007,S007,181,548,99188,3205
A000227,2024-04-10,P008,S003,113,462,52206,1538
A000228,2024-04-10,P008,S007,440,447,196680,13614
A000229,2024-04-10,P016,S001,262,930,243660,16294
A000230,2024-04-12,P016,S006,152,877,133304,6618
A000231,2024-04-12,P002,S006,350,10493,3672550,160738
A000232,2024-04-12,P020,S003,424,9690,4108560,265339
A000233,2024-04-12,P012,S004,230,915,210450,11090
A000234,2024-04-12,P014,S004,406,717,291102,16059
A000235,2024-04-14,P005,S003,291,661,192351,5205
A000236,2024-04-14,P013,S001,412,2084,858608,30418
A000237,2024-04-14,P013,S006,162,2135,345870,19751
A000238,2024-04-14,P010,S002,192,258,49536,2537
A000239,2024-04-16,P015,S001,169,675,114075,2974
A000240,2024-04-16,P010,S004,429,269,115401,3112
A000241,2024-04-16,P014,S003,134,731,97954,4337
A000242,2024-04-16,P007,S004,100,556,55600,3245
A000243,2024-04-18,P007,S005,100,559,55900,3804
A000244,2024-04-18,P010,S007,175,255,44625,3274
A000245,2024-04-20,P001,S003,231,13256,3062136,152860
A000246,2024-04-20,P002,S007,109,10240,1116160,46608
A000247,2024-04-20,P015,S007,498,698,347604,19636
A000248,2024-04-22,P020,S001,100,8876,887600,48359
A000249,2024-04-22,P020,S002,494,9737,4810078,123736
A000250,2024-04-22,P010,S003,328,253,82984,5763
A000251,2024-04-22,P002,S006,201,11667,2345067,129446
A000252,2024-04-22,P018,S002,244,1760,429440,24118
A000253,2024-04-22,P018,S007,100,1809,180900,4648
A000254,2024-04-24,P007,S002,256,566,144896,10272
A000255,2024-04-26,P007,S006,159,567,90153,5288
A000256,2024-04-26,P003,S005,132,1779,234828,16463
A000257,2024-04-26,P003,S006,283,1696,479968,12280
A000258,2024-04-26,P020,S005,198,9482,1877436,69085
A000259,2024-04-26,P020,S004,312,9796,3056352,179798
A000260,2024-04-26,P019,S002,212,2157,457284,12901
A000261,2024-04-26,P002,S006,237,10145,2404365,117907
A000262,2024-04-26,P008,S002,232,413,95816,6683
A000263,2024-04-28,P010,S006,168,264,44352,2797
A000264,2024-04-28,P009,S001,100,1316,131600,5063
A000265,2024-04-28,P005,S003,129,645,83205,2463
A000266,2024-04-28,P016,S005,146,960,140160,8751
A000267,2024-04-28,P002,S002,133,10369,1379077,38289
A000268,2024-04-28,P003,S003,170,1759,299030,20425
A000269,2024-04-28,P001,S003,302,11882,3588364,235062
A000270,2024-04-28,P008,S003,238,458,109004,7358
A000271,2024-04-30,P012,S001,106,904,95824,4200
A000272,2024-04-30,P006,S004,285,4862,1385670,96696
A000273,2024-04-30,P018,S004,304,1702,517408,26905
A000274,2024-05-02,P003,S006,172,1845,317340,16394
A000275,2024-05-02,P006,S005,298,4826,1438148,92983
A000276,2024-05-02,P018,S006,921,1717,1581357,44544
A000277,2024-05-02,P001,S005,233,13124,3057892,108800
A000278,2024-05-02,P013,S003,100,2140,214000,11316
A000279,2024-05-02,P011,S001,148,304,44992,1184
A000280,2024-05-02,P002,S003,216,10021,2164536,56779
A000281,2024-05-04,P009,S004,199,1342,267058,15270
A000282,2024-05-04,P011,S006,139,303,42117,1099
A000283,2024-05-04,P017,S007,160,1554,248640,11021
A000284,2024-05-04,P006,S002,377,4959,1869543,70512
A000285,2024-05-04,P004,S002,132,8096,1068672,36068
A000286,2024-05-04,P003,S001,100,1792,179200,4615
A000287,2024-05-06,P008,S007,100,460,46000,3128
A000288,2024-05-06,P014,S002,165,801,132165,8205
A000289,2024-05-06,P012,S004,187,970,181390,6928
A000290,2024-05-08,P004,S003,100,8181,818100,44378
A000291,2024-05-08,P004,S006,406,7635,3099810,205313
A000292,2024-05-08,P011,S004,336,290,97440,5487
A000293,2024-05-08,P008,S002,265,469,124285,8342
A000294,2024-05-08,P011,S005,306,288,88128,3791
A000295,2024-05-08,P017,S003,271,1796,486716,25197
A000296,2024-05-08,P002,S006,600,11342,6805200,264039
A000297,2024-05-10,P019,S006,282,2213,624066,23035
A000298,2024-05-10,P003,S002,577,1968,1135536,50022
A000299,2024-05-12,P011,S004,269,287,77203,5371
A000300,2024-05-12,P001,S006,190,11677,2218630,115811
A000301,2024-05-12,P010,S007,177,241,42657,1393
A000302,2024-05-12,P020,S003,163,8808,1435704,49451
A000303,2024-05-12,P012,S005,100,893,89300,5493
A000304,2024-05-12,P002,S006,114,10408,1186512,84777
A000305,2024-05-14,P001,S001,166,13178,2187548,100754
A000306,2024-05-14,P002,S001,301,10792,3248392,211864
A000307,2024-05-14,P008,S007,274,432,118368,4160
A000308,2024-05-14,P004,S003,124,7937,984188,36467
A000309,2024-05-14,P020,S007,114,9632,1098048,45423
A000310,2024-05-16,P004,S007,100,8566,856600,32353
A000311,2024-05-16,P001,S006,214,12373,2647822,177293
A000312,2024-05-16,P011,S007,196,307,60172,2538
A000313,2024-05-16,P002,S002,100,10498,1049800,61464
A000314,2024-05-16,P019,S004,128,2186,279808,20743
A000315,2024-05-16,P017,S006,139,1704,236856,12568
A000316,2024-05-16,P002,S006,148,10671,1579308,63297
A000317,2024-05-18,P018,S006,183,1770,323910,19588
A000318,2024-05-18,P010,S004,168,227,38136,1310
A000319,2024-05-18,P020,S004,350,9490,3321500,194596
A000320,2024-05-20,P001,S003,158,12167,1922386,141784
A000321,2024-05-20,P012,S006,125,888,111000,4057
A000322,2024-05-20,P010,S002,131,234,30654,937
A000323,2024-05-22,P013,S005,174,2207,384018,27875
A000324,2024-05-22,P004,S003,207,8581,1776267,46193
A000325,2024-05-22,P018,S001,697,1805,1258085,38759
A000326,2024-05-24,P001,S004,156,12715,1983540,66272
A000327,2024-05-24,P014,S002,129,748,96492,6943
A000328,2024-05-24,P011,S002,140,290,40600,2543
A000329,2024-05-24,P016,S003,207,858,177606,9176
A000330,2024-05-24,P004,S004,255,8065,2056575,85049
A000331,2024-05-26,P016,S002,152,888,134976,6309
A000332,2024-05-28,P007,S007,320,576,184320,6241
A000333,2024-05-28,P007,S007,100,553,55300,2714
A000334,2024-05-28,P010,S005,143,233,33319,1420
A000335,2024-05-28,P018,S003,210,1778,373380,13733
A000336,2024-05-28,P008,S001,149,448,66752,3459
A000337,2024-05-28,P001,S007,108,12806,1383048,70273
A000338,2024-05-28,P006,S004,100,4878,487800,32599
A000339,2024-05-30,P019,S005,132,2309,304788,22018
A000340,2024-06-01,P007,S007,296,549,162504,4373
A000341,2024-06-01,P005,S001,111,649,72039,4408
A000342,2024-06-03,P002,S002,300,10771,3231300,136865
A000343,2024-06-03,P013,S002,116,2235,259260,17870
A000344,2024-06-03,P012,S004,170,890,151300,4804
A000345,2024-06-03,P007,S005,314,570,178980,10763
A000346,2024-06-03,P009,S001,217,1356,294252,19769
A000347,2024-06-03,P006,S007,339,4716,1598724,72861
A000348,2024-06-03,P019,S006,240,2141,513840,22389
A000349,2024-06-03,P016,S004,168,904,151872,9676
A000350,2024-06-05,P008,S004,163,465,75795,2122
A000351,2024-06-05,P002,S005,267,10618,2835006,201753
A000352,2024-06-05,P013,S002,112,2019,226128,9269
A000353,2024-06-05,P016,S003,169,871,147199,7290
A000354,2024-06-05,P011,S002,398,293,116614,5575
A000355,2024-06-05,P009,S007,391,1287,503217,29970
A000356,2024-06-07,P009,S004,371,1425,528675,18408
A000357,2024-06-07,P008,S005,809,457,369713,11187
A000358,2024-06-07,P011,S003,100,295,29500,1984
A000359,2024-06-07,P017,S005,238,1738,413644,20219
A000360,2024-06-07,P003,S002,155,1862,288610,13166
A000361,2024-06-07,P015,S002,128,688,88064,5060
A000362,2024-06-07,P015,S003,283,662,187346,7480
A000363,2024-06-09,P016,S006,100,859,85900,6332
A000364,2024-06-09,P015,S006,349,750,261750,18942
A000365,2024-06-09,P020,S001,224,8958,2006592,77578
A000366,2024-06-09,P019,S004,212,2293,486116,21897
A000367,2024-06-09,P002,S001,313,10739,3361307,231147
A000368,2024-06-09,P016,S005,179,859,153761,8667
A000369,2024-06-09,P014,S002,205,717,146985,10273
A000370,2024-06-09,P004,S006,151,8192,1236992,90768
A000371,2024-06-11,P015,S002,110,724,79640,4721
A000372,2024-06-11,P020,S004,122,9346,1140212,79804
A000373,2024-06-11,P017,S003,222,1666,369852,21558
A000374,2024-06-11,P019,S002,313,2113,661369,29718
A000375,2024-06-11,P004,S004,201,7555,1518555,48043
A000376,2024-06-11,P013,S005,384,2262,868608,49832
A000377,2024-06-11,P014,S006,276,712,196512,8702
A000378,2024-06-11,P012,S002,174,922,160428,4159
A000379,2024-06-13,P012,S003,193,914,176402,11297
A000380,2024-06-13,P019,S001,100,2299,229900,16278
A000381,2024-06-13,P018,S006,364,1884,685776,46376
A000382,2024-06-13,P019,S006,182,2208,401856,23720
A000383,2024-06-13,P004,S005,107,8514,910998,24603
A000384,2024-06-13,P006,S005,211,4885,1030735,73335
A000385,2024-06-13,P001,S002,230,12341,2838430,169816
A000386,2024-06-13,P011,S001,156,303,47268,2509
A000387,2024-06-15,P014,S002,302,740,223480,15721
A000388,2024-06-15,P018,S007,187,1800,336600,18023
A000389,2024-06-15,P007,S006,243,525,127575,4384
A000390,2024-06-15,P013,S005,100,2103,210300,7937
A000391,2024-06-15,P018,S003,100,1778,177800,11896
A000392,2024-06-15,P019,S005,307,2291,703337,48481
A000393,2024-06-15,P001,S006,280,12346,3456880,193640
A000394,2024-06-17,P009,S007,562,1303,732286,47836
A000395,2024-06-17,P019,S004,164,2199,360636,18050
A000396,2024-06-17,P003,S006,156,1881,293436,14527
A000397,2024-06-17,P004,S006,100,7873,787300,56742
A000398,2024-06-17,P002,S001,218,10577,2305786,138380
A000399,2024-06-17,P010,S007,100,256,25600,871
A000400,2024-06-17,P001,S005,146,12847,1875662,71268
A000401,2024-06-19,P013,S002,208,2189,455312,15238
A000402,2024-06-19,P009,S007,208,1190,247520,9314
A000403,2024-06-19,P003,S002,202,1797,362994,21681
A000404,2024-06-19,P004,S004,265,8393,2224145,135276
A000405,2024-06-19,P018,S002,111,1815,201465,11075
A000406,2024-06-19,P006,S004,288,4784,1377792,101456
A000407,2024-06-21,P002,S006,219,10778,2360382,82198
A000408,2024-06-21,P001,S004,110,12257,1348270,45662
A000409,2024-06-21,P017,S003,485,1695,822075,47637
A000410,2024-06-23,P014,S005,238,758,180404,5535
A000411,2024-06-25,P008,S007,105,424,44520,1611
A000412,2024-06-25,P014,S003,100,751,75100,2080
A000413,2024-06-25,P013,S006,193,2091,403563,10607
A000414,2024-06-27,P005,S006,168,647,108696,4545
A000415,2024-06-27,P018,S006,181,1761,318741,17906
A000416,2024-06-29,P009,S002,208,1225,254800,13611
A000417,2024-06-29,P015,S006,295,704,207680,14197
A000418,2024-06-29,P009,S001,100,1362,136200,9540
A000419,2024-06-29,P014,S006,493,753,371229,14181
A000420,2024-07-01,P007,S007,147,552,81144,4854
A000421,2024-07-01,P007,S002,116,564,65424,4445
A000422,2024-07-01,P003,S001,354,1821,644634,25227
A000423,2024-07-03,P011,S007,293,298,87314,4925
A000424,2024-07-03,P004,S003,122,8068,984296,30307
A000425,2024-07-03,P019,S004,196,2359,462364,27748
A000426,2024-07-03,P004,S004,137,8130,1113810,63301
A000427,2024-07-03,P007,S006,406,544,220864,7245
A000428,2024-07-03,P007,S003,100,593,59300,4166
A000429,2024-07-03,P011,S003,124,293,36332,2468
A000430,2024-07-03,P004,S007,270,7499,2024730,56167
A000431,2024-07-05,P005,S005,182,656,119392,4325
A000432,2024-07-05,P015,S001,128,709,90752,5446
A000433,2024-07-05,P007,S006,401,563,225763,9016
A000434,2024-07-07,P014,S002,182,752,136864,5299
A000435,2024-07-09,P005,S005,157,613,96241,3108
A000436,2024-07-09,P011,S003,196,307,60172,3673
A000437,2024-07-11,P013,S007,173,2337,404301,20918
A000438,2024-07-11,P015,S007,100,692,69200,4217
A000439,2024-07-13,P005,S005,513,697,357561,22961
A000440,2024-07-13,P006,S001,207,4526,936882,27127
A000441,2024-07-15,P011,S004,315,290,91350,4310
A000442,2024-07-15,P004,S002,141,8102,1142382,82599
A000443,2024-07-17,P020,S002,268,9450,2532600,84659
A000444,2024-07-17,P007,S005,217,550,119350,4063
A000445,2024-07-17,P015,S005,133,655,87115,2366
A000446,2024-07-19,P011,S003,253,324,81972,4511
A000447,2024-07-19,P002,S004,200,10035,2007000,101860
A000448,2024-07-19,P018,S005,201,1756,352956,20127
A000449,2024-07-19,P018,S007,310,1843,571330,35878
A000450,2024-07-19,P002,S005,248,10831,2686088,73662
A000451,2024-07-19,P005,S001,467,638,297946,7462
A000452,2024-07-21,P015,S004,100,688,68800,4802
A000453,2024-07-21,P003,S003,133,1757,233681,16982
A000454,2024-07-21,P015,S004,179,691,123689,4540
A000455,2024-07-21,P010,S001,227,256,58112,3289
A000456,2024-07-21,P008,S002,100,433,43300,1385
A000457,2024-07-21,P012,S005,297,897,266409,19784
A000458,2024-07-21,P001,S003,276,13218,3648168,179895
A000459,2024-07-21,P006,S002,100,5042,504200,31836
A000460,2024-07-23,P010,S006,100,261,26100,1324
A000461,2024-07-23,P012,S001,112,888,99456,5861
A000462,2024-07-23,P003,S004,370,1815,671550,36283
A000463,2024-07-23,P016,S002,308,901,277508,9578
A000464,2024-07-23,P016,S002,101,895,90395,3808
A000465,2024-07-23,P014,S006,100,739,73900,2860
A000466,2024-07-25,P002,S001,190,10894,2069860,141966
A000467,2024-07-25,P014,S004,165,717,118305,7744
A000468,2024-07-25,P017,S007,235,1755,412425,14565
A000469,2024-07-25,P005,S001,207,676,139932,5980
A000470,2024-07-25,P003,S005,547,1848,1010856,25356
A000471,2024-07-25,P017,S004,100,1762,176200,12182
A000472,2024-07-27,P006,S004,230,4951,1138730,63851
A000473,2024-07-29,P013,S004,189,2155,407295,18086
A000474,2024-07-29,P006,S003,305,5077,1548485,78760
A000475,2024-07-29,P006,S002,114,4863,554382,29694
A000476,2024-07-29,P010,S006,299,260,77740,3851
A000477,2024-07-29,P005,S002,179,681,121899,4051
A000478,2024-07-31,P003,S002,125,1724,215500,5445
A000479,2024-07-31,P013,S001,190,2145,407550,17475
A000480,2024-07-31,P019,S007,125,2129,266125,18948
A000481,2024-08-02,P020,S003,218,10148,2212264,102813
A000482,2024-08-02,P019,S001,233,2287,532871,33357
A000483,2024-08-02,P005,S007,100,646,64600,2583
A000484,2024-08-02,P010,S001,139,261,36279,1431
A000485,2024-08-02,P014,S003,147,757,111279,5029
A000486,2024-08-02,P008,S001,100,446,44600,1992
A000487,2024-08-02,P013,S006,252,2266,571032,27999
A000488,2024-08-04,P015,S003,175,667,116725,7131
A000489,2024-08-04,P008,S004,172,454,78088,4862
A000490,2024-08-04,P009,S002,177,1257,222489,13258
A000491,2024-08-04,P006,S007,194,4433,860002,55254
A000492,2024-08-06,P017,S002,167,1780,297260,11587
A000493,2024-08-06,P019,S005,393,2092,822156,55243
A000494,2024-08-06,P017,S001,233,1728,402624,10814
A000495,2024-08-08,P006,S007,169,4824,815256,57596
A000496,2024-08-08,P018,S004,100,1806,180600,5808
A000497,2024-08-10,P017,S003,184,1732,318688,9150
A000498,2024-08-10,P013,S003,503,2143,1077929,60845
A000499,2024-08-10,P018,S006,162,1815,294030,11215
A000500,2024-08-10,P012,S007,176,897,157872,9874
A000501,2024-08-10,P015,S007,178,726,129228,4126
A000502,2024-08-10,P001,S006,117,12338,1443546,63537
A000503,2024-08-10,P016,S001,120,894,107280,7040
A000504,2024-08-12,P013,S006,118,2170,256060,10174
A000505,2024-08-12,P008,S003,210,447,93870,4034
A000506,2024-08-12,P019,S007,138,2191,302358,12911
A000507,2024-08-12,P020,S003,531,10085,5355135,305947
A000508,2024-08-12,P014,S001,141,735,103635,5589
A000509,2024-08-12,P019,S002,214,2118,453252,13263
A000510,2024-08-14,P006,S002,130,4585,596050,26893
A000511,2024-08-14,P002,S002,390,10748,4191720,288944
A000512,2024-08-14,P003,S003,238,1783,424354,29959
A000513,2024-08-14,P014,S007,281,789,221709,11661
A000514,2024-08-16,P009,S006,396,1346,533016,39076
A000515,2024-08-16,P003,S006,267,1752,467784,20532
A000516,2024-08-16,P010,S003,204,247,50388,3026
A000517,2024-08-16,P008,S001,100,411,41100,2152
A000518,2024-08-16,P009,S007,141,1353,190773,11750
A000519,2024-08-16,P003,S001,138,1927,265926,14576
A000520,2024-08-18,P010,S006,100,236,23600,1172
A000521,2024-08-18,P014,S004,420,707,296940,16669
A000522,2024-08-18,P004,S007,176,8063,1419088,56222
A000523,2024-08-18,P018,S006,100,1686,168600,5343
A000524,2024-08-18,P016,S002,349,901,314449,20282
A000525,2024-08-18,P019,S003,154,2210,340340,16595
A000526,2024-08-18,P012,S006,143,880,125840,8876
A000527,2024-08-20,P007,S007,203,570,115710,6877
A000528,2024-08-20,P001,S006,146,11648,1700608,51558
A000529,2024-08-20,P010,S003,168,274,46032,3020
A000530,2024-08-20,P015,S002,191,699,133509,7565
A000531,2024-08-20,P015,S005,241,684,164844,5672
A000532,2024-08-22,P005,S007,418,673,281314,18049
A000533,2024-08-24,P007,S005,335,529,177215,11329
A000534,2024-08-24,P016,S002,164,863,141532,8349
A000535,2024-08-24,P013,S003,207,2303,476721,24628
A000536,2024-08-24,P003,S006,342,1792,612864,22277
A000537,2024-08-24,P002,S005,220,9947,2188340,92371
A000538,2024-08-24,P003,S007,177,1837,325149,11675
A000539,2024-08-24,P010,S007,127,252,32004,962
A000540,2024-08-26,P006,S004,241,4842,1166922,53660
A000541,2024-08-26,P016,S002,290,956,277240,18476
A000542,2024-08-26,P008,S002,156,448,69888,3467
A000543,2024-08-26,P003,S005,152,1775,269800,13492
A000544,2024-08-26,P003,S007,156,1871,291876,16274
A000545,2024-08-26,P006,S004,291,4308,1253628,35910
A000546,2024-08-26,P020,S007,309,9694,2995446,176060
A000547,2024-08-28,P012,S003,237,951,225387,13273
A000548,2024-08-28,P012,S002,293,900,263700,7253
A000549,2024-08-28,P009,S003,122,1248,152256,10374
A000550,2024-08-28,P011,S005,127,299,37973,1189
A000551,2024-08-28,P002,S001,115,10995,1264425,50943
A000552,2024-08-30,P010,S003,204,242,49368,1755
A000553,2024-08-30,P010,S002,100,249,24900,1678
A000554,2024-09-01,P003,S004,157,1710,268470,13056
A000555,2024-09-01,P001,S006,238,12288,2924544,84895
A000556,2024-09-01,P014,S004,111,739,82029,3139
A000557,2024-09-03,P017,S002,384,1638,628992,15796
A000558,2024-09-03,P004,S004,232,8538,1980816,130375
A000559,2024-09-03,P004,S007,100,8142,814200,59429
A000560,2024-09-03,P002,S005,160,10257,1641120,43291
A000561,2024-09-03,P004,S002,578,7764,4487592,320106
A000562,2024-09-03,P008,S005,207,478,98946,3434
A000563,2024-09-05,P017,S005,104,1801,187304,11737
A000564,2024-09-05,P005,S003,236,652,153872,11470
A000565,2024-09-05,P015,S005,234,706,165204,10723
A000566,2024-09-05,P015,S007,145,723,104835,4642
A000567,2024-09-05,P020,S004,123,9778,1202694,86353
A000568,2024-09-07,P001,S001,279,12472,3479688,101278
A000569,2024-09-07,P007,S002,290,565,163850,4134
A000570,2024-09-07,P018,S004,100,1732,173200,10207
A000571,2024-09-07,P011,S006,104,304,31616,1743
A000572,2024-09-07,P009,S003,206,1376,283456,16517
A000573,2024-09-07,P016,S007,205,892,182860,4874
A000574,2024-09-09,P019,S001,246,2352,578592,21040
A000575,2024-09-09,P003,S007,265,1756,465340,33101
A000576,2024-09-09,P006,S003,100,4959,495900,35305
A000577,2024-09-09,P001,S006,150,13100,1965000,128224
A000578,2024-09-09,P019,S005,210,2158,453180,15438
A000579,2024-09-09,P019,S002,232,2218,514576,31313
A000580,2024-09-11,P014,S001,395,727,287165,9717
A000581,2024-09-11,P005,S002,100,669,66900,2601
A000582,2024-09-11,P018,S004,279,1701,474579,25817
A000583,2024-09-11,P010,S002,100,248,24800,695
A000584,2024-09-11,P012,S001,183,934,170922,9729
A000585,2024-09-11,P018,S004,180,1701,306180,18654
A000586,2024-09-11,P015,S007,158,760,120080,5589
A000587,2024-09-13,P019,S002,503,2073,1042719,56060
A000588,2024-09-13,P020,S001,345,9571,3301995,205696
A000589,2024-09-13,P020,S005,643,10212,6566316,437227
A000590,2024-09-13,P015,S002,552,725,400200,14565
A000591,2024-09-13,P002,S002,361,10363,3741043,263976
A000592,2024-09-13,P016,S002,112,911,102032,2744
A000593,2024-09-15,P014,S002,100,770,77000,2644
A000594,2024-09-15,P019,S001,142,2205,313110,9739
A000595,2024-09-15,P019,S002,221,2199,485979,20157
A000596,2024-09-17,P003,S006,203,1827,370881,18206
A000597,2024-09-17,P008,S001,112,430,48160,3170
A000598,2024-09-17,P017,S004,112,1666,186592,8388
A000599,2024-09-17,P001,S006,197,13349,2629753,162826
A000600,2024-09-19,P010,S002,320,243,77760,3742
A000601,2024-09-19,P012,S002,100,906,90600,2562
A000602,2024-09-19,P017,S003,163,1606,261778,9820
A000603,2024-09-19,P011,S007,452,294,132888,4455
A000604,2024-09-19,P008,S002,138,461,63618,3201
A000605,2024-09-19,P012,S007,152,851,129352,7330
A000606,2024-09-19,P004,S004,188,8129,1528252,79120
A000607,2024-09-21,P003,S003,235,1827,429345,20037
A000608,2024-09-21,P013,S006,477,2057,981189,41147
A000609,2024-09-21,P016,S007,179,904,161816,12036
A000610,2024-09-21,P004,S006,166,8591,1426106,51675
A000611,2024-09-23,P005,S003,176,657,115632,7789
A000612,2024-09-23,P004,S007,167,8067,1347189,74605
A000613,2024-09-23,P019,S007,261,2292,598212,37934
A000614,2024-09-23,P007,S001,141,550,77550,5066
A000615,2024-09-25,P003,S004,144,1737,250128,14161
A000616,2024-09-25,P009,S003,100,1260,126000,4968
A000617,2024-09-25,P019,S007,100,2040,204000,5765
A000618,2024-09-25,P020,S001,100,10146,1014600,65024
A000619,2024-09-25,P010,S002,117,262,30654,1221
A000620,2024-09-25,P016,S002,189,873,164997,6931
A000621,2024-09-27,P006,S006,138,4580,632040,38657
A000622,2024-09-27,P012,S001,131,828,108468,7611
A000623,2024-09-27,P014,S006,489,757,370173,14360
A000624,2024-09-27,P019,S002,154,2262,348348,19458
A000625,2024-09-29,P016,S007,326,907,295682,10792
A000626,2024-09-29,P019,S004,355,2224,789520,41401
A000627,2024-09-29,P009,S002,174,1248,217152,8864
A000628,2024-09-29,P010,S003,152,260,39520,2172
A000629,2024-10-01,P017,S003,122,1653,201666,8782
A000630,2024-10-01,P009,S007,132,1275,168300,8564
A000631,2024-10-01,P020,S005,233,9595,2235635,100256
A000632,2024-10-03,P001,S007,236,13089,3089004,88568
A000633,2024-10-03,P018,S004,100,1694,169400,10408
A000634,2024-10-03,P006,S001,477,4672,2228544,163385
A000635,2024-10-03,P011,S004,280,304,85120,2652
A000636,2024-10-05,P003,S005,409,1873,766057,29520
A000637,2024-10-07,P014,S005,128,756,96768,6829
A000638,2024-10-09,P002,S003,798,10110,8067780,299037
A000639,2024-10-09,P002,S002,328,9950,3263600,217264
A000640,2024-10-09,P003,S004,132,1783,235356,12078
A000641,2024-10-09,P012,S004,268,842,225656,13129
A000642,2024-10-09,P006,S002,100,5004,500400,30715
A000643,2024-10-11,P016,S006,196,914,179144,9478
A000644,2024-10-11,P018,S005,222,1777,394494,12920
A000645,2024-10-13,P020,S001,122,9859,1202798,82227
A000646,2024-10-13,P019,S004,311,2251,700061,30697
A000647,2024-10-15,P007,S001,212,548,116176,5520
A000648,2024-10-15,P017,S005,146,1594,232724,8856
A000649,2024-10-15,P013,S007,289,2079,600831,22792
A000650,2024-10-15,P007,S007,274,549,150426,5412
A000651,2024-10-17,P002,S002,243,11006,2674458,175473
A000652,2024-10-19,P008,S003,100,466,46600,1274
A000653,2024-10-19,P004,S002,348,8346,2904408,74345
A000654,2024-10-19,P001,S001,100,11867,1186700,37630
A000655,2024-10-21,P017,S001,205,1685,345425,14645
A000656,2024-10-21,P014,S006,100,775,77500,4612
A000657,2024-10-21,P016,S002,287,881,252847,11046
A000658,2024-10-21,P008,S007,100,460,46000,2134
A000659,2024-10-21,P006,S002,100,4746,474600,33795
A000660,2024-10-21,P013,S001,100,2106,210600,13502
A000661,2024-10-21,P019,S001,415,2243,930845,28292
A000662,2024-10-21,P008,S003,196,456,89376,3564
A000663,2024-10-23,P020,S007,125,9196,1149500,53724
A000664,2024-10-23,P018,S003,153,1755,268515,15713
A000665,2024-10-23,P020,S007,136,9351,1271736,61477
A000666,2024-10-23,P015,S003,100,666,66600,4206
A000667,2024-10-23,P006,S002,147,5059,743673,23556
A000668,2024-10-23,P020,S001,154,9789,1507506,98768
A000669,2024-10-25,P001,S001,124,12709,1575916,86053
A000670,2024-10-25,P008,S003,320,459,146880,10023
A000671,2024-10-25,P003,S006,237,1687,399819,19484
A000672,2024-10-27,P004,S006,232,8321,1930472,95850
A000673,2024-10-27,P007,S004,283,522,147726,7490
A000674,2024-10-27,P019,S003,100,2224,222400,15215
A000675,2024-10-27,P011,S003,253,294,74382,2251
A000676,2024-10-27,P010,S002,167,257,42919,1588
A000677,2024-10-29,P005,S003,186,644,119784,8092
A000678,2024-10-29,P004,S003,145,8248,1195960,74536
A000679,2024-10-29,P002,S005,317,10761,3411237,141900
A000680,2024-10-29,P016,S005,219,959,210021,15293
A000681,2024-10-29,P001,S005,251,12635,3171385,124998
A000682,2024-10-29,P009,S003,313,1345,420985,30921
A000683,2024-10-29,P020,S004,136,9986,1358096,66147
A000684,2024-10-29,P017,S001,212,1574,333688,22692
A000685,2024-10-31,P011,S001,100,301,30100,798
A000686,2024-10-31,P015,S003,127,724,91948,5409
A000687,2024-10-31,P004,S003,148,8330,1232840,54295
A000688,2024-10-31,P008,S003,111,472,52392,2091
A000689,2024-11-02,P010,S004,100,262,26200,934
A000690,2024-11-04,P014,S007,100,726,72600,2940
A000691,2024-11-04,P004,S004,160,8182,1309120,95785
A000692,2024-11-04,P019,S001,129,2098,270642,10769
A000693,2024-11-04,P014,S002,259,716,185444,11906
A000694,2024-11-04,P003,S006,107,1740,186180,6434
A000695,2024-11-04,P018,S001,515,1682,866230,44027
A000696,2024-11-04,P019,S006,120,2144,257280,12258
A000697,2024-11-06,P014,S007,149,737,109813,3843
A000698,2024-11-08,P003,S004,119,1749,208131,7428
A000699,2024-11-08,P018,S001,245,1824,446880,12168
A000700,2024-11-08,P009,S001,153,1231,188343,10320
A000701,2024-11-08,P009,S004,447,1241,554727,20670
A000702,2024-11-10,P008,S005,145,447,64815,3199
A000703,2024-11-10,P012,S006,184,953,175352,10224
A000704,2024-11-10,P012,S005,127,868,110236,7525
A000705,2024-11-10,P002,S002,123,10607,1304661,79618
A000706,2024-11-10,P005,S004,112,661,74032,3164
A000707,2024-11-12,P012,S003,229,937,214573,12622
A000708,2024-11-12,P013,S007,249,2159,537591,21656
A000709,2024-11-12,P014,S004,168,770,129360,7756
A000710,2024-11-12,P003,S001,181,1710,309510,21469
A000711,2024-11-12,P013,S003,208,2149,446992,16956
A000712,2024-11-12,P017,S005,145,1782,258390,8264
A000713,2024-11-14,P016,S003,233,852,198516,5659
A000714,2024-11-14,P012,S007,133,903,120099,5153
A000715,2024-11-14,P012,S004,130,909,118170,7965
A000716,2024-11-16,P020,S001,123,9778,1202694,85014
A000717,2024-11-16,P003,S007,100,1819,181900,8166
A000718,2024-11-18,P012,S006,172,865,148780,5939
A000719,2024-11-18,P004,S002,248,8166,2025168,149135
A000720,2024-11-18,P006,S007,171,4883,834993,62539
A000721,2024-11-20,P003,S006,204,1797,366588,24929
A000722,2024-11-20,P018,S006,698,1741,1215218,35621
A000723,2024-11-20,P014,S004,379,700,265300,14149
A000724,2024-11-22,P005,S004,564,649,366036,21740
A000725,2024-11-22,P005,S004,304,637,193648,12485
A000726,2024-11-24,P019,S004,100,2319,231900,8067
A000727,2024-11-26,P020,S005,176,9698,1706848,66050
A000728,2024-11-28,P019,S005,155,2175,337125,9431
A000729,2024-11-28,P020,S004,211,9388,1980868,131358
A000730,2024-11-28,P007,S007,231,568,131208,6435
A000731,2024-11-30,P011,S005,100,294,29400,1654
A000732,2024-11-30,P003,S003,433,1604,694532,49925
A000733,2024-11-30,P018,S001,104,1891,196664,8966
A000734,2024-11-30,P002,S005,130,10414,1353820,58988
A000735,2024-11-30,P003,S002,225,1832,412200,15757
A000736,2024-11-30,P010,S003,170,258,43860,2126
A000737,2024-11-30,P018,S006,426,1796,765096,37524
A000738,2024-12-02,P017,S001,138,1722,237636,17213
A000739,2024-12-04,P012,S004,249,898,223602,10134
A000740,2024-12-04,P009,S007,183,1296,237168,11250
A000741,2024-12-04,P003,S007,137,1653,226461,16626
A000742,2024-12-04,P012,S003,249,940,234060,12378
A000743,2024-12-04,P009,S002,108,1324,142992,9782
A000744,2024-12-04,P010,S004,724,252,182448,7577
A000745,2024-12-04,P004,S005,114,8433,961362,38002
A000746,2024-12-04,P004,S005,364,8331,3032484,116460
A000747,2024-12-06,P001,S005,146,12419,1813174,105595
A000748,2024-12-08,P006,S001,272,4454,1211488,36769
A000749,2024-12-08,P020,S005,167,9215,1538905,82805
A000750,2024-12-08,P003,S002,100,1765,176500,8821
A000751,2024-12-08,P017,S004,184,1650,303600,16463
A000752,2024-12-08,P004,S004,342,8282,2832444,77768
A000753,2024-12-10,P014,S004,347,727,252269,13249
A000754,2024-12-10,P001,S002,260,13211,3434860,174471
A000755,2024-12-10,P015,S005,148,717,106116,7534
A000756,2024-12-10,P003,S006,159,1752,278568,14126
A000757,2024-12-10,P019,S005,153,2164,331092,14577
A000758,2024-12-10,P016,S007,188,895,168260,8508
A000759,2024-12-10,P002,S005,243,10487,2548341,173845
A000760,2024-12-12,P012,S004,296,976,288896,12721
A000761,2024-12-12,P011,S003,256,305,78080,2719
A000762,2024-12-12,P013,S005,223,2279,508217,37243
A000763,2024-12-12,P020,S007,157,9875,1550375,61416
A000764,2024-12-12,P003,S006,100,1856,185600,12848
A000765,2024-12-12,P002,S002,100,10687,1068700,62888
A000766,2024-12-12,P007,S001,132,525,69300,2756
A000767,2024-12-12,P015,S004,100,694,69400,4905
A000768,2024-12-14,P019,S002,142,2147,304874,10185
A000769,2024-12-14,P001,S006,278,12748,3543944,111531
A000770,2024-12-14,P005,S007,396,689,272844,13137
A000771,2024-12-16,P019,S006,171,2205,377055,13984
A000772,2024-12-16,P009,S003,305,1346,410530,10345
A000773,2024-12-16,P013,S005,362,2028,734136,52239
A000774,2024-12-16,P002,S003,176,10415,1833040,58256
A000775,2024-12-16,P020,S007,100,10250,1025000,70257
A000776,2024-12-18,P015,S006,298,726,216348,5726
A000777,2024-12-18,P009,S007,100,1361,136100,4551
A000778,2024-12-18,P007,S005,100,539,53900,3494
A000779,2024-12-18,P001,S007,289,11517,3328413,135800
A000780,2024-12-20,P010,S006,118,253,29854,1118
A000781,2024-12-20,P002,S002,209,10555,2205995,78842
A000782,2024-12-20,P013,S004,220,2214,487080,13035
A000783,2024-12-22,P011,S007,481,302,145262,7911
A000784,2024-12-22,P007,S001,263,554,145702,4531
A000785,2024-12-22,P018,S001,128,1878,240384,9637
A000786,2024-12-24,P002,S003,253,10585,2678005,70286
A000787,2024-12-24,P018,S002,546,1762,962052,62980
A000788,2024-12-24,P013,S005,137,2091,286467,15683
A000789,2024-12-24,P016,S003,184,909,167256,7856
A000790,2024-12-26,P006,S002,100,4607,460700,33872
A000791,2024-12-26,P009,S002,534,1272,679248,29269
A000792,2024-12-26,P018,S005,309,1804,557436,15425
A000793,2024-12-28,P014,S007,154,742,114268,3431
A000794,2024-12-28,P009,S006,263,1306,343478,18111
A000795,2024-12-28,P004,S006,154,8266,1272964,69025
A000796,2024-12-28,P013,S005,300,2237,671100,30492
A000797,2024-12-28,P006,S001,154,4816,741664,20290
A000798,2024-12-28,P007,S001,241,554,133514,3570
A000799,2024-12-28,P019,S002,139,2074,288286,21523
A000800,2024-12-30,P012,S007,159,870,138330,6160
A000801,2025-01-01,P019,S007,161,2496,401856,15614
A000802,2025-01-01,P015,S007,100,799,79900,2831
A000803,2025-01-01,P017,S007,200,1865,373000,14309
A000804,2025-01-03,P001,S002,100,14503,1450300,89302
A000805,2025-01-03,P016,S001,196,995,195020,7621
A000806,2025-01-03,P005,S007,212,764,161968,11761
A000807,2025-01-05,P009,S001,167,1480,247160,11576
A000808,2025-01-05,P013,S007,147,2574,378378,20678
A000809,2025-01-07,P002,S002,185,11846,2191510,67337
A000810,2025-01-07,P008,S006,132,495,65340,1819
A000811,2025-01-07,P010,S006,217,282,61194,2892
A000812,2025-01-07,P004,S004,244,9179,2239676,144870
A000813,2025-01-07,P009,S007,184,1346,247664,9456
A000814,2025-01-07,P009,S002,332,1396,463472,32360
A000815,2025-01-07,P012,S004,108,1004,108432,3199
A000816,2025-01-07,P002,S004,118,11990,1414820,102481
A000817,2025-01-09,P019,S005,307,2372,728204,32943
A000818,2025-01-09,P012,S004,100,979,97900,4876
A000819,2025-01-09,P013,S004,234,2526,591084,41875
A000820,2025-01-09,P009,S001,122,1417,172874,5548
A000821,2025-01-09,P004,S004,113,9681,1093953,81937
A000822,2025-01-09,P005,S001,148,733,108484,2801
A000823,2025-01-11,P011,S005,233,328,76424,3030
A000824,2025-01-11,P019,S001,109,2460,268140,13902
A000825,2025-01-11,P008,S004,163,467,76121,2041
A000826,2025-01-11,P015,S005,126,822,103572,2677
A000827,2025-01-13,P016,S003,114,1188,135432,5230
A000828,2025-01-15,P004,S002,209,9100,1901900,139662
A000829,2025-01-15,P005,S006,444,713,316572,7955
A000830,2025-01-15,P007,S007,222,622,138084,5778
A000831,2025-01-15,P019,S003,285,2434,693690,23338
A000832,2025-01-15,P009,S001,217,1368,296856,13854
A000833,2025-01-15,P011,S003,296,335,99160,2907
A000834,2025-01-17,P001,S002,100,14161,1416100,49641
A000835,2025-01-17,P007,S004,102,674,68748,3858
A000836,2025-01-17,P016,S005,166,1029,170814,11396
A000837,2025-01-17,P018,S001,330,2099,692670,50230
A000838,2025-01-17,P013,S001,113,2528,285664,7348
A000839,2025-01-17,P004,S003,317,9703,3075851,173334
A000840,2025-01-17,P020,S004,304,10244,3114176,108814
A000841,2025-01-17,P004,S002,803,9359,7515277,438279
A000842,2025-01-19,P013,S002,256,2612,668672,23448
A000843,2025-01-19,P013,S002,108,2507,270756,6965
A000844,2025-01-19,P013,S001,166,2738,454508,14342
A000845,2025-01-19,P011,S006,195,324,63180,2212
A000846,2025-01-19,P002,S001,174,12223,2126802,151154
A000847,2025-01-19,P007,S003,118,628,74104,3494
A000848,2025-01-19,P004,S005,232,9371,2174072,112540
A000849,2025-01-21,P011,S003,183,313,57279,4035
A000850,2025-01-21,P013,S001,375,2615,980625,48369
A000851,2025-01-21,P001,S003,733,14197,10406401,769180
A000852,2025-01-21,P008,S004,159,484,76956,2300
A000853,2025-01-21,P007,S007,213,648,138024,5155
A000854,2025-01-21,P018,S005,171,2085,356535,9325
A000855,2025-01-23,P006,S001,100,5280,528000,32802
A000856,2025-01-23,P020,S002,196,11156,2186576,103309
A000857,2025-01-25,P017,S007,237,1931,457647,14196
A000858,2025-01-25,P012,S004,130,919,119470,7813
A000859,2025-01-25,P001,S003,100,13950,1395000,67294
A000860,2025-01-27,P013,S003,190,2559,486210,20353
A000861,2025-01-29,P020,S007,200,10773,2154600,67944
A000862,2025-01-29,P011,S007,100,325,32500,1320
A000863,2025-01-29,P019,S002,202,2551,515302,28899
A000864,2025-01-31,P013,S006,101,2330,235330,12270
A000865,2025-02-02,P008,S005,379,481,182299,6895
A000866,2025-02-02,P012,S004,366,1006,368196,9478
A000867,2025-02-02,P007,S006,100,658,65800,4595
A000868,2025-02-04,P012,S005,100,980,98000,5376
A000869,2025-02-04,P010,S005,100,269,26900,1106
A000870,2025-02-04,P010,S005,173,270,46710,2880
A000871,2025-02-04,P012,S005,100,961,96100,2934
A000872,2025-02-04,P008,S004,100,481,48100,2335
A000873,2025-02-04,P019,S001,100,2424,242400,14955
A000874,2025-02-04,P004,S007,100,9785,978500,24557
A000875,2025-02-06,P007,S001,407,663,269841,11507
A000876,2025-02-06,P018,S002,258,2072,534576,31743
A000877,2025-02-06,P006,S004,182,5345,972790,28771
A000878,2025-02-08,P018,S007,457,2082,951474,29300
A000879,2025-02-08,P004,S006,218,9122,1988596,91845
A000880,2025-02-08,P008,S004,100,506,50600,1816
A000881,2025-02-10,P001,S003,158,14653,2315174,72132
A000882,2025-02-10,P006,S003,100,5769,576900,18383
A000883,2025-02-10,P008,S007,538,445,239410,13894
A000884,2025-02-10,P003,S005,245,2161,529445,18055
A000885,2025-02-10,P009,S003,134,1492,199928,8629
A000886,2025-02-10,P003,S007,329,2215,728735,53466
A000887,2025-02-10,P012,S002,413,964,398132,10616
A000888,2025-02-10,P012,S006,216,969,209304,8949
A000889,2025-02-12,P011,S007,142,344,48848,3608
A000890,2025-02-12,P015,S002,198,814,161172,8091
A000891,2025-02-12,P019,S004,169,2312,390728,14373
A000892,2025-02-12,P001,S007,296,15292,4526432,146231
A000893,2025-02-12,P002,S001,224,11375,2548000,108780
A000894,2025-02-12,P012,S007,174,949,165126,5223
A000895,2025-02-14,P004,S004,265,9878,2617670,148593
A000896,2025-02-14,P016,S003,528,994,524832,18504
A000897,2025-02-14,P010,S007,179,289,51731,1923
A000898,2025-02-14,P017,S004,214,1895,405530,17965
A000899,2025-02-14,P017,S004,477,1842,878634,61850
A000900,2025-02-14,P001,S003,100,15020,1502000,77460
A000901,2025-02-16,P011,S005,148,318,47064,2903
A000902,2025-02-16,P015,S002,132,805,106260,2964
A000903,2025-02-16,P008,S003,238,463,110194,4810
A000904,2025-02-16,P016,S001,203,1063,215789,13479
A000905,2025-02-16,P019,S004,174,2758,479892,13206
A000906,2025-02-16,P016,S006,226,994,224644,8850
A000907,2025-02-16,P014,S001,142,879,124818,3308
A000908,2025-02-18,P015,S005,525,786,412650,11427
A000909,2025-02-18,P012,S005,106,1046,110876,6387
A000910,2025-02-18,P008,S005,154,504,77616,4922
A000911,2025-02-20,P004,S003,253,9493,2401729,91613
A000912,2025-02-20,P002,S007,358,11149,3991342,105602
A000913,2025-02-20,P016,S007,272,979,266288,14122
A000914,2025-02-20,P002,S004,279,12265,3421935,244594
A000915,2025-02-20,P002,S006,167,12620,2107540,71445
A000916,2025-02-20,P009,S001,610,1484,905240,52478
A000917,2025-02-22,P002,S004,211,13416,2830776,196453
A000918,2025-02-22,P007,S003,112,593,66416,4113
A000919,2025-02-22,P010,S004,154,275,42350,1584
A000920,2025-02-22,P009,S001,117,1424,166608,11942
A000921,2025-02-22,P005,S004,300,771,231300,12022
A000922,2025-02-24,P011,S006,121,324,39204,1381
A000923,2025-02-24,P020,S004,329,9985,3285065,149350
A000924,2025-02-24,P020,S003,137,10911,1494807,84407
A000925,2025-02-24,P009,S004,135,1390,187650,10225
A000926,2025-02-26,P019,S001,100,2532,253200,13855
A000927,2025-02-26,P009,S007,100,1349,134900,5092
A000928,2025-02-26,P007,S001,161,579,93219,3770
A000929,2025-02-26,P015,S007,276,766,211416,13057
A000930,2025-02-26,P006,S007,232,5340,1238880,81552
A000931,2025-02-26,P016,S001,417,1048,437016,32751
A000932,2025-02-28,P018,S004,106,1988,210728,9573
A000933,2025-02-28,P020,S001,416,10391,4322656,248115
A000934,2025-02-28,P008,S004,186,494,91884,2499
A000935,2025-03-02,P001,S005,221,14288,3157648,128820
A000936,2025-03-02,P008,S007,138,485,66930,1972
A000937,2025-03-02,P003,S005,233,2112,492096,26284
A000938,2025-03-02,P012,S006,412,995,409940,18489
A000939,2025-03-02,P017,S006,153,1903,291159,20060
A000940,2025-03-02,P001,S007,189,14096,2664144,153554
A000941,2025-03-02,P016,S006,135,1063,143505,10021
A000942,2025-03-02,P006,S002,112,5643,632016,45572
A000943,2025-03-04,P019,S006,219,2446,535674,22900
A000944,2025-03-04,P018,S005,301,1895,570395,27477
A000945,2025-03-04,P003,S005,276,2166,597816,29043
A000946,2025-03-04,P008,S001,281,505,141905,9299
A000947,2025-03-04,P015,S006,122,793,96746,7220
A000948,2025-03-04,P003,S006,138,2067,285246,16606
A000949,2025-03-04,P016,S003,365,1052,383980,20882
A000950,2025-03-06,P004,S005,474,9302,4409148,120584
A000951,2025-03-06,P013,S007,406,2412,979272,52779
A000952,2025-03-08,P011,S005,292,366,106872,5147
A000953,2025-03-08,P002,S003,117,11617,1359189,74294
A000954,2025-03-08,P014,S004,229,881,201749,8809
A000955,2025-03-08,P009,S005,163,1471,239773,6085
A000956,2025-03-08,P018,S006,100,1914,191400,12399
A000957,2025-03-08,P005,S002,195,763,148785,6718
A000958,2025-03-10,P006,S005,100,5628,562800,28772
A000959,2025-03-10,P006,S004,133,5470,727510,47580
A000960,2025-03-10,P006,S004,211,5511,1162821,46003
A000961,2025-03-10,P013,S007,330,2664,879120,36563
A000962,2025-03-10,P017,S005,406,1885,765310,56786
A000963,2025-03-10,P003,S005,239,2144,512416,16051
A000964,2025-03-10,P016,S005,147,1046,153762,11206
A000965,2025-03-12,P014,S003,127,862,109474,4429
A000966,2025-03-12,P010,S001,161,299,48139,2226
A000967,2025-03-12,P013,S007,178,2560,455680,11754
A000968,2025-03-12,P015,S003,249,842,209658,13088
A000969,2025-03-12,P002,S004,435,13096,5696760,358075
A000970,2025-03-12,P001,S006,100,14588,1458800,91368
A000971,2025-03-14,P016,S001,181,1115,201815,7825
A000972,2025-03-14,P002,S004,164,12186,1998504,65104
A000973,2025-03-16,P013,S004,100,2635,263500,19243
A000974,2025-03-16,P014,S001,102,839,85578,2293
A000975,2025-03-16,P017,S003,270,1883,508410,20113
A000976,2025-03-16,P013,S003,348,2577,896796,65427
A000977,2025-03-16,P005,S004,100,760,76000,2252
A000978,2025-03-16,P004,S005,167,9299,1552933,84250
A000979,2025-03-16,P017,S002,589,1900,1119100,29494
A000980,2025-03-18,P014,S003,248,848,210304,15151
A000981,2025-03-18,P015,S001,137,802,109874,5961
A000982,2025-03-20,P007,S003,191,645,123195,3192
A000983,2025-03-20,P002,S003,161,11524,1855364,106081
A000984,2025-03-20,P020,S007,565,11448,6468120,464289
A000985,2025-03-20,P016,S006,100,1133,113300,4974
A000986,2025-03-20,P001,S007,100,14457,1445700,85761
A000987,2025-03-20,P003,S005,135,2151,290385,14943
A000988,2025-03-20,P007,S006,100,645,64500,3002
A000989,2025-03-22,P014,S004,261,880,229680,6566
A000990,2025-03-22,P016,S005,158,1041,164478,5980
A000991,2025-03-22,P015,S003,244,796,194224,5493
A000992,2025-03-22,P006,S007,435,5431,2362485,104799
A000993,2025-03-24,P017,S005,219,2015,441285,14561
A000994,2025-03-24,P005,S001,680,772,524960,29518
A000995,2025-03-26,P018,S004,107,1911,204477,13283
A000996,2025-03-26,P019,S004,141,2296,323736,15669
A000997,2025-03-26,P015,S003,143,791,113113,4506
A000998,2025-03-26,P004,S001,252,8969,2260188,98311
A000999,2025-03-28,P016,S002,353,1107,390771,13541
A001000,2025-03-30,P009,S005,147,1437,211239,15631
A001001,2025-03-30,P001,S005,201,14416,2897616,95011
A001002,2025-03-30,P005,S007,153,777,118881,8119
A001003,2025-03-30,P009,S007,100,1573,157300,5972
A001004,2025-03-30,P008,S007,159,499,79341,3376
A001005,2025-03-30,P011,S005,100,341,34100,1445
A001006,2025-03-30,P004,S007,220,9351,2057220,65798
A001007,2025-04-01,P014,S004,310,809,250790,7833
A001008,2025-04-01,P007,S006,100,632,63200,4565
A001009,2025-04-01,P018,S002,213,1895,403635,27953
A001010,2025-04-01,P007,S001,310,639,198090,6817
A001011,2025-04-03,P020,S005,216,10287,2221992,68685
A001012,2025-04-03,P004,S003,100,9080,908000,64597
A001013,2025-04-05,P006,S005,183,5361,981063,73139
A001014,2025-04-05,P015,S004,417,839,349863,16367
A001015,2025-04-05,P002,S004,152,12493,1898936,87230
A001016,2025-04-05,P009,S002,433,1458,631314,46876
A001017,2025-04-05,P013,S003,183,2513,459879,15768
A001018,2025-04-05,P016,S001,423,967,409041,26741
A001019,2025-04-05,P012,S003,244,983,239852,11557
A001020,2025-04-07,P013,S002,258,2525,651450,19796
A001021,2025-04-07,P020,S004,137,10100,1383700,100140
A001022,2025-04-07,P009,S001,190,1478,280820,11800
A001023,2025-04-07,P009,S003,115,1488,171120,9856
A001024,2025-04-09,P014,S002,120,805,96600,4564
A001025,2025-04-09,P017,S006,100,1823,182300,5349
A001026,2025-04-09,P010,S003,232,271,62872,3205
A001027,2025-04-11,P019,S001,192,2523,484416,15087
A001028,2025-04-11,P016,S001,160,1022,163520,11192
A001029,2025-04-11,P006,S002,429,5316,2280564,124211
A001030,2025-04-11,P001,S004,415,15363,6375645,431640
A001031,2025-04-11,P006,S002,440,5609,2467960,135189
A001032,2025-04-13,P010,S002,132,268,35376,1364
A001033,2025-04-13,P017,S007,329,1882,619178,18865
A001034,2025-04-13,P010,S003,166,273,45318,2045
A001035,2025-04-13,P005,S004,364,713,259532,14733
A001036,2025-04-13,P017,S005,100,1821,182100,13349
A001037,2025-04-15,P015,S004,124,829,102796,4099
A001038,2025-04-17,P019,S006,217,2421,525357,22012
A001039,2025-04-19,P004,S006,327,9673,3163071,93189
A001040,2025-04-21,P005,S006,178,736,131008,9443
A001041,2025-04-21,P008,S001,181,501,90681,5727
A001042,2025-04-21,P013,S001,130,2618,340340,13952
A001043,2025-04-21,P005,S004,130,758,98540,5926
A001044,2025-04-21,P017,S007,170,1876,318920,16712
A001045,2025-04-21,P014,S002,365,864,315360,18874
A001046,2025-04-21,P003,S005,100,2093,209300,7043
A001047,2025-04-21,P006,S004,125,5773,721625,21355
A001048,2025-04-23,P015,S006,108,827,89316,2566
A001049,2025-04-23,P017,S006,345,1774,612030,39516
A001050,2025-04-23,P004,S007,130,8716,1133080,43659
A001051,2025-04-23,P006,S006,211,5205,1098255,42288
A001052,2025-04-23,P020,S003,163,10680,1740840,107390
A001053,2025-04-23,P018,S007,266,1910,508060,20763
A001054,2025-04-23,P009,S004,124,1369,169756,6886
A001055,2025-04-23,P015,S002,100,806,80600,2829
A001056,2025-04-25,P015,S001,117,765,89505,4221
A001057,2025-04-27,P005,S006,102,797,81294,5409
A001058,2025-04-27,P015,S002,222,787,174714,8317
A001059,2025-04-29,P009,S006,191,1453,277523,9031
A001060,2025-05-01,P019,S007,162,2518,407916,20513
A001061,2025-05-01,P015,S003,274,814,223036,7248
A001062,2025-05-01,P001,S007,273,14454,3945942,215181
A001063,2025-05-01,P017,S005,139,2001,278139,12600
A001064,2025-05-01,P014,S006,266,867,230622,12295
A001065,2025-05-01,P006,S004,100,5918,591800,40002
A001066,2025-05-03,P019,S005,250,2476,619000,33024
A001067,2025-05-03,P018,S005,347,1825,633275,34084
A001068,2025-05-03,P008,S006,139,500,69500,1783
A001069,2025-05-03,P007,S004,298,618,184164,10217
A001070,2025-05-03,P005,S006,368,749,275632,17577
A001071,2025-05-03,P016,S003,100,1028,102800,3313
A001072,2025-05-03,P011,S001,126,308,38808,1875
A001073,2025-05-03,P017,S007,191,1791,342081,22868
A001074,2025-05-05,P012,S005,133,999,132867,4524
A001075,2025-05-07,P005,S005,100,756,75600,5576
A001076,2025-05-09,P006,S007,231,5780,1335180,66980
A001077,2025-05-09,P017,S001,260,1859,483340,16388
A001078,2025-05-09,P009,S005,100,1329,132900,5291
A001079,2025-05-09,P002,S007,306,11726,3588156,177918
A001080,2025-05-09,P017,S006,292,1838,536696,25907
A001081,2025-05-11,P006,S002,283,5290,1497070,107099
A001082,2025-05-11,P011,S004,100,326,32600,873
A001083,2025-05-13,P003,S002,483,2115,1021545,70891
A001084,2025-05-13,P002,S004,187,12680,2371160,140774
A001085,2025-05-13,P009,S002,198,1496,296208,12829
A001086,2025-05-15,P019,S002,275,2416,664400,38471
A001087,2025-05-15,P010,S003,332,280,92960,4106
A001088,2025-05-15,P004,S001,184,9540,1755360,114919
A001089,2025-05-15,P002,S003,116,12095,1403020,96901
A001090,2025-05-15,P009,S001,158,1548,244584,16983
A001091,2025-05-15,P017,S002,118,1906,224908,7479
A001092,2025-05-15,P019,S003,134,2594,347596,21542
A001093,2025-05-15,P004,S002,216,9862,2130192,86773
A001094,2025-05-17,P010,S002,180,291,52380,1760
A001095,2025-05-17,P004,S006,217,9950,2159150,63089
A001096,2025-05-19,P008,S006,132,516,68112,3888
A001097,2025-05-19,P006,S007,218,5945,1296010,73609
A001098,2025-05-19,P004,S006,272,9153,2489616,147844
A001099,2025-05-19,P004,S005,342,9097,3111174,91265
A001100,2025-05-19,P014,S002,587,839,492493,32957
A001101,2025-05-19,P004,S001,100,9514,951400,44478
A001102,2025-05-21,P002,S001,216,12352,2668032,190006
A001103,2025-05-21,P010,S006,202,264,53328,2348
A001104,2025-05-21,P005,S006,249,775,192975,10770
A001105,2025-05-21,P007,S006,100,613,61300,3519
A001106,2025-05-21,P019,S002,204,2480,505920,37594
A001107,2025-05-21,P005,S001,341,728,248248,15273
A001108,2025-05-21,P020,S006,130,10845,1409850,98235
A001109,2025-05-21,P005,S004,317,747,236799,6177
A001110,2025-05-23,P005,S003,263,737,193831,12087
A001111,2025-05-23,P010,S007,227,293,66511,1717
A001112,2025-05-23,P018,S004,366,2030,742980,54390
A001113,2025-05-23,P014,S007,116,877,101732,5963
A001114,2025-05-23,P005,S007,270,746,201420,8506
A001115,2025-05-23,P002,S003,100,12931,1293100,83122
A001116,2025-05-23,P017,S006,100,1970,197000,5913
A001117,2025-05-23,P014,S006,215,874,187910,5778
A001118,2025-05-25,P014,S001,100,840,84000,5243
A001119,2025-05-27,P015,S005,358,807,288906,18430
A001120,2025-05-27,P004,S007,174,9146,1591404,53332
A001121,2025-05-27,P019,S005,153,2422,370566,20593
A001122,2025-05-29,P014,S005,165,888,146520,5108
A001123,2025-05-29,P004,S001,151,9227,1393277,58380
A001124,2025-05-29,P017,S001,100,1827,182700,7839
A001125,2025-05-31,P020,S007,133,10225,1359925,50569
A001126,2025-05-31,P020,S007,155,10604,1643620,122323
A001127,2025-05-31,P010,S007,327,266,86982,5239
A001128,2025-05-31,P019,S006,277,2274,629898,37362
A001129,2025-05-31,P019,S003,130,2481,322530,20229
A001130,2025-05-31,P007,S001,425,631,268175,10524
A001131,2025-06-02,P009,S002,100,1495,149500,6242
A001132,2025-06-02,P017,S004,100,1970,197000,13793
A001133,2025-06-02,P020,S007,128,10637,1361536,64092
A001134,2025-06-02,P013,S006,100,2456,245600,8209
A001135,2025-06-02,P003,S001,291,2098,610518,18459
A001136,2025-06-04,P013,S002,138,2580,356040,10388
A001137,2025-06-04,P013,S003,100,2475,247500,6786
A001138,2025-06-04,P010,S007,223,281,62663,2568
A001139,2025-06-04,P002,S001,100,12837,1283700,72501
A001140,2025-06-04,P011,S006,159,335,53265,1576
A001141,2025-06-06,P015,S002,100,797,79700,3519
A001142,2025-06-06,P005,S003,141,694,97854,4369
A001143,2025-06-06,P014,S007,120,866,103920,4687
A001144,2025-06-06,P001,S004,116,13186,1529576,64266
A001145,2025-06-06,P013,S001,171,2372,405612,19461
A001146,2025-06-06,P013,S005,126,2628,331128,15283
A001147,2025-06-06,P006,S005,137,5612,768844,48821
A001148,2025-06-08,P015,S006,121,845,102245,3659
A001149,2025-06-08,P008,S004,230,521,119830,6218
A001150,2025-06-08,P014,S004,127,879,111633,4843
A001151,2025-06-08,P010,S006,126,267,33642,1561
A001152,2025-06-08,P012,S003,456,899,409944,23114
A001153,2025-06-08,P002,S006,218,12391,2701238,142386
A001154,2025-06-08,P016,S004,312,1005,313560,20368
A001155,2025-06-08,P001,S002,129,14282,1842378,85766
A001156,2025-06-10,P005,S004,100,787,78700,4436
A001157,2025-06-10,P003,S004,118,2298,271164,12457
A001158,2025-06-10,P008,S005,178,482,85796,5065
A001159,2025-06-12,P007,S004,146,652,95192,5703
A001160,2025-06-12,P014,S003,368,878,323104,23535
A001161,2025-06-12,P004,S004,126,9324,1174824,36841
A001162,2025-06-14,P009,S007,284,1351,383684,18198
A001163,2025-06-14,P009,S006,171,1436,245556,7322
A001164,2025-06-14,P017,S006,100,1840,184000,12924
A001165,2025-06-14,P011,S006,163,343,55909,2850
A001166,2025-06-16,P016,S001,128,1032,132096,4068
A001167,2025-06-18,P014,S004,255,844,215220,7525
A001168,2025-06-18,P013,S001,154,2661,409794,13989
A001169,2025-06-18,P020,S005,353,10535,3718855,100950
A001170,2025-06-18,P007,S001,352,624,219648,11289
A001171,2025-06-18,P007,S005,391,643,251413,10013
A001172,2025-06-18,P009,S001,141,1435,202335,11890
A001173,2025-06-18,P007,S007,132,611,80652,4555
A001174,2025-06-20,P010,S007,183,272,49776,2643
A001175,2025-06-22,P011,S007,711,353,250983,12835
A001176,2025-06-24,P012,S005,235,997,234295,14302
A001177,2025-06-24,P002,S002,114,11941,1361274,48700
A001178,2025-06-24,P020,S005,284,10543,2994212,177923
A001179,2025-06-24,P011,S006,100,332,33200,2137
A001180,2025-06-24,P018,S006,461,2061,950121,39996
A001181,2025-06-24,P015,S007,137,813,111381,7202
A001182,2025-06-24,P015,S006,199,758,150842,6545
A001183,2025-06-24,P013,S004,130,2505,325650,23066
A001184,2025-06-26,P007,S007,157,646,101422,3695
A001185,2025-06-26,P003,S004,100,2131,213100,14220
A001186,2025-06-26,P013,S005,221,2735,604435,38203
A001187,2025-06-26,P011,S004,153,330,50490,1564
A001188,2025-06-26,P014,S002,206,839,172834,7101
A001189,2025-06-26,P006,S001,284,5614,1594376,75480
A001190,2025-06-26,P006,S001,311,5741,1785451,72319
A001191,2025-06-28,P003,S002,228,2039,464892,25833
A001192,2025-06-28,P005,S007,250,764,191000,5092
A001193,2025-06-28,P009,S003,114,1397,159258,11074
A001194,2025-06-30,P016,S004,281,1101,309381,15123
A001195,2025-07-02,P019,S004,173,2389,413297,27042
A001196,2025-07-04,P009,S003,353,1403,495259,29044
A001197,2025-07-04,P012,S006,229,999,228771,13485
A001198,2025-07-04,P003,S001,372,2094,778968,52347
A001199,2025-07-04,P006,S002,109,5572,607348,20028
A001200,2025-07-06,P015,S002,100,840,84000,2277
A001201,2025-07-06,P011,S001,100,337,33700,1088
A001202,2025-07-06,P020,S003,426,10521,4481946,173575
A001203,2025-07-06,P010,S005,143,276,39468,1131
A001204,2025-07-06,P003,S003,381,1968,749808,37324
A001205,2025-07-08,P017,S004,100,1966,196600,12146
A001206,2025-07-08,P017,S002,203,1873,380219,10006
A001207,2025-07-08,P016,S002,175,993,173775,8638
A001208,2025-07-08,P014,S007,185,865,160025,9380
A001209,2025-07-08,P001,S003,100,14152,1415200,46969
A001210,2025-07-08,P008,S003,238,515,122570,6002
A001211,2025-07-10,P006,S001,101,5583,563883,35980
A001212,2025-07-10,P015,S007,406,800,324800,12407
A001213,2025-07-10,P017,S005,183,1980,362340,16769
A001214,2025-07-10,P002,S005,116,12682,1471112,52967
A001215,2025-07-10,P019,S002,314,2355,739470,32382
A001216,2025-07-12,P001,S001,574,14253,8181222,278725
A001217,2025-07-12,P002,S005,187,10997,2056439,81403
A001218,2025-07-12,P017,S006,533,1996,1063868,60211
A001219,2025-07-12,P007,S007,365,676,246740,8847
A001220,2025-07-12,P014,S002,100,869,86900,4912
A001221,2025-07-12,P013,S004,181,2633,476573,22496
A001222,2025-07-12,P018,S001,113,1827,206451,12414
A001223,2025-07-14,P012,S007,119,903,107457,5804
A001224,2025-07-14,P010,S005,100,275,27500,1136
A001225,2025-07-14,P006,S001,252,5827,1468404,62155
A001226,2025-07-14,P016,S004,275,1077,296175,16310
A001227,2025-07-14,P009,S007,140,1439,201460,8283
A001228,2025-07-16,P003,S003,100,2112,211200,11106
A001229,2025-07-16,P015,S007,217,793,172081,11871
A001230,2025-07-16,P014,S002,318,897,285246,20422
A001231,2025-07-16,P002,S002,339,12138,4114782,296555
A001232,2025-07-16,P018,S006,106,1877,198962,8309
A001233,2025-07-16,P018,S004,157,2033,319181,8428
A001234,2025-07-16,P005,S007,100,806,80600,4904
A001235,2025-07-16,P009,S003,193,1491,287763,15510
A001236,2025-07-18,P009,S006,280,1398,391440,16599
A001237,2025-07-18,P020,S005,163,10922,1780286,128333
A001238,2025-07-18,P018,S005,233,2108,491164,34773
A001239,2025-07-18,P016,S001,100,1084,108400,8094
A001240,2025-07-18,P005,S004,252,755,190260,7350
A001241,2025-07-20,P011,S005,409,339,138651,7441
A001242,2025-07-20,P020,S007,419,10681,4475339,127661
A001243,2025-07-20,P009,S006,360,1415,509400,17894
A001244,2025-07-20,P011,S005,460,334,153640,8403
A001245,2025-07-20,P013,S002,780,2438,1901640,121788
A001246,2025-07-20,P003,S005,232,2072,480704,15977
A001247,2025-07-20,P008,S006,442,528,233376,6262
A001248,2025-07-20,P005,S004,381,734,279654,16334
A001249,2025-07-22,P011,S006,220,333,73260,4154
A001250,2025-07-22,P007,S003,209,607,126863,9053
A001251,2025-07-22,P017,S007,100,1848,184800,10428
A001252,2025-07-22,P020,S002,182,11225,2042950,98841
A001253,2025-07-24,P014,S004,100,828,82800,2385
A001254,2025-07-24,P011,S006,100,342,34200,1077
A001255,2025-07-24,P010,S007,536,280,150080,9778
A001256,2025-07-24,P013,S006,149,2605,388145,11580
A001257,2025-07-24,P010,S003,113,304,34352,900
A001258,2025-07-24,P010,S002,261,288,75168,4173
A001259,2025-07-26,P019,S002,100,2391,239100,17046
A001260,2025-07-26,P009,S006,203,1390,282170,15006
A001261,2025-07-28,P003,S007,105,2058,216090,6701
A001262,2025-07-28,P002,S004,115,12114,1393110,104323
A001263,2025-07-28,P012,S002,216,1023,220968,8313
A001264,2025-07-28,P008,S004,164,516,84624,4695
A001265,2025-07-28,P005,S006,161,730,117530,6715
A001266,2025-07-28,P014,S007,171,892,152532,7172
A001267,2025-07-28,P002,S004,376,12569,4725944,287304
A001268,2025-07-30,P016,S007,184,1027,188968,11588
A001269,2025-07-30,P011,S007,277,327,90579,6682
A001270,2025-07-30,P016,S006,257,996,255972,15206
A001271,2025-07-30,P016,S007,241,1082,260762,7672
A001272,2025-07-30,P018,S005,322,1950,627900,44049
A001273,2025-07-30,P005,S002,217,747,162099,7804
A001274,2025-08-01,P016,S001,141,1088,153408,10194
A001275,2025-08-01,P006,S007,275,5154,1417350,91337
A001276,2025-08-01,P010,S001,165,279,46035,2148
A001277,2025-08-01,P011,S007,285,338,96330,2428
A001278,2025-08-01,P018,S004,322,2079,669438,45078
A001279,2025-08-01,P019,S001,171,2478,423738,21320
A001280,2025-08-03,P014,S002,292,926,270392,6816
A001281,2025-08-03,P003,S002,163,2020,329260,19842
A001282,2025-08-03,P006,S005,102,5706,582012,19275
A001283,2025-08-03,P008,S004,557,495,275715,16610
A001284,2025-08-03,P017,S004,100,1894,189400,6649
A001285,2025-08-03,P019,S004,267,2488,664296,22980
A001286,2025-08-03,P012,S005,108,1049,113292,5653
A001287,2025-08-03,P010,S004,190,270,51300,2044
A001288,2025-08-05,P020,S005,180,9682,1742760,62440
A001289,2025-08-05,P019,S001,249,2451,610299,20071
A001290,2025-08-07,P020,S002,614,10011,6146754,251906
A001291,2025-08-07,P003,S007,100,2257,225700,8866
A001292,2025-08-07,P010,S001,276,285,78660,3136
A001293,2025-08-07,P011,S003,120,340,40800,3033
A001294,2025-08-09,P016,S001,252,1057,266364,15196
A001295,2025-08-11,P009,S006,347,1377,477819,21997
A001296,2025-08-11,P012,S006,115,984,113160,2887
A001297,2025-08-13,P011,S007,364,327,119028,8103
A001298,2025-08-13,P008,S004,129,493,63597,4461
A001299,2025-08-13,P019,S007,138,2439,336582,24391
A001300,2025-08-13,P004,S002,341,9769,3331229,181815
A001301,2025-08-13,P003,S003,267,2083,556161,39613
A001302,2025-08-15,P002,S005,100,12774,1277400,55806
A001303,2025-08-17,P002,S002,533,11487,6122571,225335
A001304,2025-08-17,P020,S004,100,10517,1051700,39963
A001305,2025-08-17,P003,S002,197,1926,379422,17614
A001306,2025-08-17,P008,S004,159,500,79500,3568
A001307,2025-08-17,P001,S003,294,14081,4139814,216464
A001308,2025-08-19,P010,S006,125,273,34125,1339
A001309,2025-08-21,P011,S001,151,317,47867,2176
A001310,2025-08-23,P008,S003,127,486,61722,2040
A001311,2025-08-25,P013,S001,100,2703,270300,8096
A001312,2025-08-27,P020,S006,143,10804,1544972,81580
A001313,2025-08-27,P004,S004,170,9989,1698130,86984
A001314,2025-08-29,P019,S004,153,2447,374391,24028
A001315,2025-08-29,P004,S003,248,10057,2494136,114862
A001316,2025-08-29,P007,S006,100,621,62100,3194
A001317,2025-08-29,P017,S005,100,1972,197200,10374
A001318,2025-08-29,P014,S005,581,811,471191,27972
A001319,2025-08-29,P016,S006,232,997,231304,6384
A001320,2025-08-29,P015,S003,239,771,184269,8968
A001321,2025-08-29,P018,S004,254,1957,497078,14919
A001322,2025-08-31,P001,S001,322,15100,4862200,348094
A001323,2025-08-31,P006,S001,156,5860,914160,45165
A001324,2025-08-31,P020,S005,100,10627,1062700,58034
A001325,2025-08-31,P010,S006,100,265,26500,1453
A001326,2025-09-02,P017,S006,100,1738,173800,10928
A001327,2025-09-02,P005,S007,407,754,306878,17312
A001328,2025-09-02,P006,S002,253,5744,1453232,93237
A001329,2025-09-02,P003,S006,298,1974,588252,20134
A001330,2025-09-04,P017,S002,187,1834,342958,8871
A001331,2025-09-04,P008,S002,263,507,133341,3925
A001332,2025-09-04,P004,S002,305,9509,2900245,74909
A001333,2025-09-04,P007,S005,208,627,130416,8638
A001334,2025-09-04,P005,S002,106,746,79076,2763
A001335,2025-09-04,P014,S003,156,828,129168,3533
A001336,2025-09-04,P012,S006,100,1075,107500,5787
A001337,2025-09-04,P003,S005,227,2069,469663,30610
A001338,2025-09-06,P003,S006,335,2096,702160,40870
A001339,2025-09-06,P010,S001,124,280,34720,1000
A001340,2025-09-08,P017,S004,100,1866,186600,8353
A001341,2025-09-08,P002,S002,210,12123,2545830,142118
A001342,2025-09-08,P004,S003,206,9515,1960090,138300
A001343,2025-09-10,P020,S001,100,10439,1043900,62856
A001344,2025-09-10,P017,S007,135,1942,262170,7107
A001345,2025-09-12,P018,S002,268,1986,532248,29171
A001346,2025-09-12,P006,S004,148,5342,790616,36251
A001347,2025-09-12,P006,S003,387,5904,2284848,97559
A001348,2025-09-12,P008,S006,100,495,49500,3022
A001349,2025-09-12,P016,S003,414,1012,418968,29720
A001350,2025-09-12,P013,S007,253,2623,663619,28838
A001351,2025-09-14,P017,S005,100,1837,183700,8918
A001352,2025-09-14,P001,S004,301,14960,4502960,208538
A001353,2025-09-14,P014,S002,425,925,393125,17493
A001354,2025-09-14,P002,S003,100,12439,1243900,46639
A001355,2025-09-14,P016,S002,120,1069,128280,5272
A001356,2025-09-14,P015,S005,306,838,256428,18195
A001357,2025-09-16,P020,S001,100,10564,1056400,43696
A001358,2025-09-16,P002,S006,100,12888,1288800,38629
A001359,2025-09-16,P010,S003,100,274,27400,915
A001360,2025-09-16,P013,S002,163,2705,440915,30728
A001361,2025-09-16,P004,S005,453,9406,4260918,294041
A001362,2025-09-16,P008,S002,100,485,48500,2706
A001363,2025-09-16,P010,S001,140,285,39900,2695
A001364,2025-09-18,P015,S004,166,856,142096,4185
A001365,2025-09-18,P012,S005,212,1002,212424,6170
A001366,2025-09-18,P004,S001,178,9390,1671420,108711
A001367,2025-09-20,P020,S007,159,10194,1620846,86847
A001368,2025-09-20,P008,S001,448,479,214592,10200
A001369,2025-09-20,P016,S002,356,1109,394804,21835
A001370,2025-09-20,P001,S007,164,14737,2416868,100442
A001371,2025-09-20,P019,S007,100,2438,243800,16867
A001372,2025-09-20,P001,S004,184,14387,2647208,172599
A001373,2025-09-20,P006,S007,147,5687,835989,53015
A001374,2025-09-20,P020,S004,100,10962,1096200,41838
A001375,2025-09-22,P001,S003,430,14641,6295630,195372
A001376,2025-09-22,P004,S004,171,9731,1664001,120239
A001377,2025-09-22,P019,S006,168,2427,407736,28554
A001378,2025-09-22,P007,S007,125,633,79125,5321
A001379,2025-09-22,P014,S003,169,824,139256,3800
A001380,2025-09-22,P007,S001,117,666,77922,5513
A001381,2025-09-22,P010,S006,118,293,34574,1484
A001382,2025-09-22,P007,S007,174,591,102834,6359
A001383,2025-09-24,P001,S004,112,14684,1644608,85348
A001384,2025-09-26,P003,S002,245,2048,501760,20540
A001385,2025-09-28,P013,S007,100,2695,269500,15971
A001386,2025-09-28,P019,S003,268,2363,633284,37341
A001387,2025-09-28,P004,S006,277,8548,2367796,75851
A001388,2025-09-30,P001,S004,336,13416,4507776,208217
A001389,2025-10-02,P019,S003,200,2493,498600,28236
A001390,2025-10-02,P004,S001,207,9299,1924893,95617
A001391,2025-10-02,P007,S001,119,671,79849,4761
A001392,2025-10-02,P014,S004,270,885,238950,10866
A001393,2025-10-02,P017,S005,394,1838,724172,22893
A001394,2025-10-02,P012,S003,148,964,142672,4963
A001395,2025-10-02,P004,S007,100,9668,966800,37208
A001396,2025-10-02,P009,S003,388,1302,505176,30002
A001397,2025-10-04,P019,S005,173,2401,415373,25499
A001398,2025-10-04,P008,S003,179,519,92901,3227
A001399,2025-10-04,P017,S001,211,1895,399845,19346
A001400,2025-10-04,P007,S005,260,644,167440,11620
A001401,2025-10-04,P008,S004,214,489,104646,3988
A001402,2025-10-04,P015,S004,100,813,81300,4793
A001403,2025-10-06,P018,S004,167,2052,342684,8949
A001404,2025-10-06,P020,S005,157,10626,1668282,51991
A001405,2025-10-06,P011,S007,178,341,60698,1926
A001406,2025-10-06,P015,S001,245,833,204085,7754
A001407,2025-10-06,P014,S007,334,887,296258,11112
A001408,2025-10-08,P006,S006,275,5377,1478675,106565
A001409,2025-10-08,P007,S004,131,650,85150,2464
A001410,2025-10-08,P006,S003,264,5522,1457808,68936
A001411,2025-10-08,P010,S001,131,290,37990,2221
A001412,2025-10-08,P004,S006,100,9004,900400,39550
A001413,2025-10-10,P019,S007,221,2469,545649,29377
A001414,2025-10-10,P014,S004,234,826,193284,4990
A001415,2025-10-10,P003,S007,215,1994,428710,29107
A001416,2025-10-10,P010,S007,234,285,66690,3316
A001417,2025-10-12,P014,S004,176,899,158224,6580
A001418,2025-10-12,P004,S005,135,10345,1396575,100475
A001419,2025-10-12,P018,S003,217,2116,459172,32135
A001420,2025-10-12,P003,S004,181,2135,386435,17104
A001421,2025-10-14,P009,S003,112,1476,165312,8208
A001422,2025-10-14,P001,S003,100,14299,1429900,103787
A001423,2025-10-14,P011,S006,175,347,60725,4492
A001424,2025-10-14,P003,S004,202,2105,425210,18723
A001425,2025-10-14,P018,S002,135,1938,261630,12269
A001426,2025-10-16,P011,S002,100,322,32200,1717
A001427,2025-10-16,P008,S005,100,527,52700,1453
A001428,2025-10-16,P017,S005,146,1874,273604,17258
A001429,2025-10-16,P010,S005,108,271,29268,1859
A001430,2025-10-16,P003,S007,186,2255,419430,15358
A001431,2025-10-16,P009,S004,155,1358,210490,11598
A001432,2025-10-16,P018,S007,135,2060,278100,7967
A001433,2025-10-16,P013,S002,180,2515,452700,24040
A001434,2025-10-18,P018,S002,135,1954,263790,13286
A001435,2025-10-20,P020,S001,287,11317,3247979,91143
A001436,2025-10-20,P001,S001,169,14258,2409602,95528
A001437,2025-10-20,P008,S003,171,541,92511,6670
A001438,2025-10-20,P001,S001,599,15234,9125166,337509
A001439,2025-10-20,P017,S004,201,1747,351147,11736
A001440,2025-10-20,P004,S002,334,9291,3103194,96785
A001441,2025-10-22,P018,S004,100,2132,213200,8017
A001442,2025-10-22,P005,S004,211,765,161415,11776
A001443,2025-10-24,P013,S001,117,2673,312741,12094
A001444,2025-10-24,P005,S003,260,742,192920,6158
A001445,2025-10-24,P014,S003,473,877,414821,13660
A001446,2025-10-24,P013,S001,221,2705,597805,19427
A001447,2025-10-24,P015,S003,143,908,129844,5544
A001448,2025-10-24,P007,S003,305,570,173850,4969
A001449,2025-10-24,P015,S002,191,858,163878,10255
A001450,2025-10-24,P019,S006,413,2529,1044477,77353
A001451,2025-10-26,P020,S004,157,10444,1639708,43546
A001452,2025-10-26,P020,S002,260,10259,2667340,149080
A001453,2025-10-26,P002,S007,121,11561,1398881,93054
A001454,2025-10-26,P009,S003,100,1468,146800,8031
A001455,2025-10-26,P010,S003,234,302,70668,3404
A001456,2025-10-26,P008,S004,100,498,49800,1652
A001457,2025-10-28,P007,S007,134,611,81874,6096
A001458,2025-10-28,P015,S006,365,811,296015,10640
A001459,2025-10-28,P018,S003,158,2107,332906,12522
A001460,2025-10-28,P013,S006,261,2719,709659,50045
A001461,2025-10-30,P002,S003,161,11666,1878226,107588
A001462,2025-10-30,P018,S002,120,2008,240960,8035
A001463,2025-10-30,P012,S003,258,1000,258000,15871
A001464,2025-10-30,P009,S001,107,1424,152368,5276
A001465,2025-10-30,P005,S001,413,787,325031,10969
A001466,2025-10-30,P005,S006,373,742,276766,12370
A001467,2025-10-30,P018,S006,269,2014,541766,13991
A001468,2025-10-30,P020,S004,341,11242,3833522,199321
A001469,2025-11-01,P020,S006,372,10373,3858756,279145
A001470,2025-11-01,P019,S002,297,2538,753786,40484
A001471,2025-11-01,P003,S001,327,2018,659886,22767
A001472,2025-11-01,P001,S007,195,13860,2702700,127469
A001473,2025-11-03,P005,S005,306,779,238374,8237
A001474,2025-11-03,P005,S001,221,710,156910,5825
A001475,2025-11-03,P001,S007,156,14545,2269020,124856
A001476,2025-11-03,P013,S007,100,2599,259900,11438
A001477,2025-11-05,P003,S003,100,2047,204700,9343
A001478,2025-11-05,P011,S005,280,324,90720,4152
A001479,2025-11-07,P020,S004,200,11058,2211600,55684
A001480,2025-11-07,P015,S001,129,813,104877,2832
A001481,2025-11-07,P001,S007,203,13310,2701930,156725
A001482,2025-11-07,P019,S001,210,2404,504840,34860
A001483,2025-11-07,P001,S003,103,13952,1437056,43172
A001484,2025-11-07,P006,S005,239,5303,1267417,87362
A001485,2025-11-09,P006,S005,118,5199,613482,15977
A001486,2025-11-09,P020,S004,210,10845,2277450,80487
A001487,2025-11-09,P018,S002,252,2060,519120,15562
A001488,2025-11-09,P014,S001,414,885,366390,23959
A001489,2025-11-09,P010,S005,178,292,51976,3118
A001490,2025-11-11,P015,S007,515,791,407365,18876
A001491,2025-11-11,P008,S001,345,528,182160,11749
A001492,2025-11-11,P009,S002,116,1486,172376,7128
A001493,2025-11-11,P008,S002,175,522,91350,3100
A001494,2025-11-11,P012,S001,176,947,166672,5437
A001495,2025-11-11,P008,S007,335,486,162810,6583
A001496,2025-11-11,P009,S005,107,1420,151940,10808
A001497,2025-11-11,P010,S006,302,279,84258,6275
A001498,2025-11-13,P003,S004,266,2077,552482,34407
A001499,2025-11-13,P013,S002,129,2620,337980,16579
A001500,2025-11-13,P018,S003,190,1899,360810,19839
A001501,2025-11-13,P015,S007,366,805,294630,15748
A001502,2025-11-13,P015,S005,185,807,149295,8752
A001503,2025-11-13,P008,S006,329,487,160223,11870
A001504,2025-11-13,P005,S006,166,759,125994,3916
A001505,2025-11-15,P005,S002,325,773,251225,15763
A001506,2025-11-15,P015,S004,100,757,75700,3244
A001507,2025-11-15,P004,S004,130,9801,1274130,46793
A001508,2025-11-15,P020,S005,600,10917,6550200,349488
A001509,2025-11-15,P008,S006,100,498,49800,2533
A001510,2025-11-17,P013,S006,392,2647,1037624,41088
A001511,2025-11-17,P018,S003,100,1842,184200,10715
A001512,2025-11-17,P014,S001,100,890,89000,5792
A001513,2025-11-19,P018,S003,347,1949,676303,31375
A001514,2025-11-19,P006,S004,123,5671,697533,39711
A001515,2025-11-19,P002,S002,191,12412,2370692,94522
A001516,2025-11-19,P020,S007,100,10155,1015500,34693
A001517,2025-11-19,P010,S007,136,272,36992,2160
A001518,2025-11-19,P006,S001,248,5930,1470640,63388
A001519,2025-11-19,P006,S006,291,5552,1615632,61715
A001520,2025-11-21,P010,S004,245,283,69335,4769
A001521,2025-11-23,P003,S006,179,1994,356926,17405
A001522,2025-11-23,P013,S007,179,2708,484732,16794
A001523,2025-11-23,P002,S007,266,12115,3222590,123823
A001524,2025-11-25,P002,S007,175,11804,2065700,53475
A001525,2025-11-25,P001,S006,100,14019,1401900,77940
A001526,2025-11-25,P012,S003,334,1072,358048,18926
A001527,2025-11-25,P002,S004,100,11861,1186100,61871
A001528,2025-11-27,P013,S004,329,2600,855400,51582
A001529,2025-11-27,P014,S002,340,916,311440,22987
A001530,2025-11-27,P014,S003,100,854,85400,2700
A001531,2025-11-27,P013,S003,288,2473,712224,19131
A001532,2025-11-27,P006,S007,351,5563,1952613,60463
A001533,2025-11-27,P005,S002,198,762,150876,9789
A001534,2025-11-27,P001,S001,199,13759,2738041,193343
A001535,2025-11-29,P014,S006,290,841,243890,14247
A001536,2025-12-01,P006,S002,100,5383,538300,17618
A001537,2025-12-01,P007,S004,207,607,125649,6093
A001538,2025-12-03,P014,S007,189,866,163674,7647
A001539,2025-12-03,P020,S006,171,10529,1800459,125719
A001540,2025-12-03,P014,S001,100,860,86000,5411
A001541,2025-12-03,P003,S005,216,2103,454248,25284
A001542,2025-12-03,P020,S001,229,10857,2486253,107405
A001543,2025-12-03,P002,S002,295,11804,3482180,159572
A001544,2025-12-03,P006,S002,340,5107,1736380,72333
A001545,2025-12-05,P004,S005,218,9854,2148172,82237
A001546,2025-12-05,P019,S006,163,2458,400654,14932
A001547,2025-12-05,P007,S002,154,639,98406,2613
A001548,2025-12-05,P008,S002,100,488,48800,1849
A001549,2025-12-05,P009,S007,142,1380,195960,7578
A001550,2025-12-07,P011,S002,225,343,77175,2367
A001551,2025-12-07,P020,S001,141,10498,1480218,73028
A001552,2025-12-09,P019,S001,150,2427,364050,20215
A001553,2025-12-09,P001,S004,1394,14828,20670232,580908
A001554,2025-12-09,P001,S002,268,14907,3995076,132971
A001555,2025-12-09,P005,S003,462,747,345114,16841
A001556,2025-12-09,P014,S004,143,854,122122,5064
A001557,2025-12-11,P001,S002,495,14404,7129980,505605
A001558,2025-12-13,P010,S007,121,262,31702,1843
A001559,2025-12-13,P003,S004,154,2046,315084,13111
A001560,2025-12-13,P019,S003,361,2535,915135,51690
A001561,2025-12-13,P006,S004,273,5895,1609335,114360
A001562,2025-12-13,P010,S004,111,268,29748,1519
A001563,2025-12-13,P004,S002,155,8831,1368805,71152
A001564,2025-12-13,P009,S003,241,1366,329206,13771
A001565,2025-12-15,P002,S006,210,12402,2604420,82958
A001566,2025-12-17,P015,S001,141,730,102930,3135
A001567,2025-12-17,P006,S005,251,5458,1369958,102619
A001568,2025-12-19,P006,S004,307,5539,1700473,60401
A001569,2025-12-19,P008,S006,140,523,73220,4465
A001570,2025-12-19,P006,S005,100,5587,558700,17544
A001571,2025-12-19,P019,S006,123,2405,295815,8364
A001572,2025-12-19,P006,S007,136,5466,743376,51012
A001573,2025-12-19,P010,S004,371,260,96460,6389
A001574,2025-12-19,P009,S007,247,1471,363337,19466
A001575,2025-12-21,P003,S007,144,1997,287568,10705
A001576,2025-12-21,P006,S005,100,5871,587100,16924
A001577,2025-12-21,P005,S007,265,759,201135,10277
A001578,2025-12-21,P017,S003,137,1968,269616,9148
A001579,2025-12-23,P001,S001,197,14443,2845271,196024
A001580,2025-12-23,P002,S007,113,11523,1302099,81105
A001581,2025-12-23,P018,S002,100,2009,200900,6178
A001582,2025-12-23,P006,S007,182,5472,995904,63549
A001583,2025-12-25,P015,S002,100,842,84200,4805
A001584,2025-12-27,P015,S004,100,778,77800,5175
A001585,2025-12-29,P014,S004,327,895,292665,12609
A001586,2025-12-31,P008,S003,254,506,128524,5861
A001587,2025-12-31,P015,S002,302,813,245526,13090
A001588,2025-12-31,P011,S003,550,351,193050,11569
A001589,2025-12-31,P014,S001,361,852,307572,11980
A001590,2025-12-31,P006,S006,367,5483,2012261,108314
A001591,2025-12-31,P019,S002,204,2354,480216,32859
